TIMESTAMP,ContextTokens,GeneratedTokens
2023-11-16 18:15:46.6805900,374,44
2023-11-16 18:15:50.9951690,396,109
2023-11-16 18:15:51.2224670,879,55
2023-11-16 18:15:51.3910170,91,16
2023-11-16 18:15:52.5732450,91,16
2023-11-16 18:15:52.9921190,381,84
2023-11-16 18:15:54.4260870,1313,142
2023-11-16 18:15:54.9320210,388,84
2023-11-16 18:15:55.0176690,242,14
2023-11-16 18:15:55.1455750,209,152
2023-11-16 18:15:55.3808030,394,124
2023-11-16 18:15:56.1080580,394,59
2023-11-16 18:15:56.2631480,1315,174
2023-11-16 18:15:56.7869690,2221,15
2023-11-16 18:15:57.2267160,389,90
2023-11-16 18:15:57.8385010,415,106
2023-11-16 18:15:58.1114940,120,12
2023-11-16 18:15:58.5172230,369,74
2023-11-16 18:15:59.5671350,206,162
2023-11-16 18:15:59.7056780,1353,142
2023-11-16 18:15:59.7304330,197,152
2023-11-16 18:16:00.7401400,181,154
2023-11-16 18:16:00.7783700,388,54
2023-11-16 18:16:00.9738990,4085,62
2023-11-16 18:16:04.1015080,2584,170
2023-11-16 18:16:04.4735280,203,147
2023-11-16 18:16:04.8411030,126,194
2023-11-16 18:16:05.1444820,389,87
2023-11-16 18:16:05.6600290,2548,116
2023-11-16 18:16:06.5945170,91,16
2023-11-16 18:16:06.6257870,4081,74
2023-11-16 18:16:07.1595310,181,123
2023-11-16 18:16:07.3389430,191,217
2023-11-16 18:16:07.6225060,27,183
2023-11-16 18:16:08.0506550,203,217
2023-11-16 18:16:08.0556770,398,81
2023-11-16 18:16:09.3934620,126,172
2023-11-16 18:16:09.6754460,209,181
2023-11-16 18:16:10.0519930,209,181
2023-11-16 18:16:10.8268860,28,175
2023-11-16 18:16:11.4489750,437,88
2023-11-16 18:16:11.5755510,181,104
2023-11-16 18:16:11.7620120,203,138
2023-11-16 18:16:11.9039690,200,177
2023-11-16 18:16:11.9304300,4073,58
2023-11-16 18:16:12.0048440,91,16
2023-11-16 18:16:12.5976970,1087,401
2023-11-16 18:16:12.9350680,382,64
2023-11-16 18:16:13.0876470,412,102
2023-11-16 18:16:13.1417340,194,217
2023-11-16 18:16:14.0108560,203,217
2023-11-16 18:16:14.2331190,200,217
2023-11-16 18:16:14.7708240,64,174
2023-11-16 18:16:15.0339470,458,123
2023-11-16 18:16:15.2591250,1352,158
2023-11-16 18:16:15.2883620,874,404
2023-11-16 18:16:15.4449690,378,58
2023-11-16 18:16:16.0208780,91,16
2023-11-16 18:16:16.3666680,4074,50
2023-11-16 18:16:16.8620890,389,89
2023-11-16 18:16:17.9497610,212,183
2023-11-16 18:16:18.3010800,1085,394
2023-11-16 18:16:18.4408190,407,131
2023-11-16 18:16:18.5975930,396,82
2023-11-16 18:16:19.0690950,1029,399
2023-11-16 18:16:19.9164720,962,399
2023-11-16 18:16:20.0941180,203,217
2023-11-16 18:16:20.1715910,898,94
2023-11-16 18:16:20.2073600,181,253
2023-11-16 18:16:20.3263030,320,18
2023-11-16 18:16:20.4292920,1119,414
2023-11-16 18:16:20.5055900,124,157
2023-11-16 18:16:20.6131190,1313,179
2023-11-16 18:16:21.4270360,1096,383
2023-11-16 18:16:21.9746590,400,102
2023-11-16 18:16:22.8191020,1057,424
2023-11-16 18:16:23.2010070,203,162
2023-11-16 18:16:23.5453290,1314,216
2023-11-16 18:16:23.8053960,2,93
2023-11-16 18:16:24.1565550,1065,409
2023-11-16 18:16:24.8355200,372,60
2023-11-16 18:16:25.0732320,4094,82
2023-11-16 18:16:25.2296340,1104,394
2023-11-16 18:16:25.4939220,1075,415
2023-11-16 18:16:25.7725050,4088,37
2023-11-16 18:16:25.9011740,1225,372
2023-11-16 18:16:26.0047170,1118,426
2023-11-16 18:16:26.3183540,380,102
2023-11-16 18:16:26.3257810,1133,385
2023-11-16 18:16:26.7224570,42,167
2023-11-16 18:16:27.0312240,2590,50
2023-11-16 18:16:27.1597540,1140,377
2023-11-16 18:16:27.8064630,126,203
2023-11-16 18:16:28.0379810,431,84
2023-11-16 18:16:29.0146450,1115,421
2023-11-16 18:16:29.2102830,206,179
2023-11-16 18:16:29.2112150,400,91
2023-11-16 18:16:29.2258530,1123,396
2023-11-16 18:16:29.2444100,862,379
2023-11-16 18:16:29.3658130,859,422
2023-11-16 18:16:29.3718280,890,402
2023-11-16 18:16:29.3958900,1192,419
2023-11-16 18:16:29.4891630,899,403
2023-11-16 18:16:29.6803370,163,224
2023-11-16 18:16:29.8740510,181,212
2023-11-16 18:16:30.2696450,416,88
2023-11-16 18:16:30.2905000,1163,426
2023-11-16 18:16:30.4717140,243,14
2023-11-16 18:16:30.5740160,1041,428
2023-11-16 18:16:30.6036610,1350,146
2023-11-16 18:16:30.7213310,1104,396
2023-11-16 18:16:30.7419110,1127,426
2023-11-16 18:16:31.5086690,1114,414
2023-11-16 18:16:31.6903470,1083,396
2023-11-16 18:16:31.7061030,1313,173
2023-11-16 18:16:31.7855360,888,395
2023-11-16 18:16:31.8009570,13,130
2023-11-16 18:16:31.8555470,874,89
2023-11-16 18:16:31.9274420,1065,395
2023-11-16 18:16:32.1833420,1157,426
2023-11-16 18:16:32.2108320,1077,390
2023-11-16 18:16:32.6614120,2903,59
2023-11-16 18:16:32.7829110,4079,27
2023-11-16 18:16:32.8710290,1149,411
2023-11-16 18:16:32.9106650,996,389
2023-11-16 18:16:33.0871490,990,394
2023-11-16 18:16:33.3072790,197,183
2023-11-16 18:16:33.3587340,4107,49
2023-11-16 18:16:33.8903150,197,217
2023-11-16 18:16:34.1405300,1378,407
2023-11-16 18:16:34.4146520,1214,421
2023-11-16 18:16:34.6058920,1016,375
2023-11-16 18:16:34.7135810,1186,398
2023-11-16 18:16:34.7261190,4076,60
2023-11-16 18:16:34.8151980,1100,426
2023-11-16 18:16:34.9769650,218,217
2023-11-16 18:16:35.3902470,1232,419
2023-11-16 18:16:35.6761970,975,416
2023-11-16 18:16:35.9076280,209,217
2023-11-16 18:16:36.2417730,181,85
2023-11-16 18:16:36.2680470,1029,388
2023-11-16 18:16:36.3415020,888,418
2023-11-16 18:16:36.4050700,1113,375
2023-11-16 18:16:36.4232750,1035,520
2023-11-16 18:16:36.4232810,1009,425
2023-11-16 18:16:36.5130240,869,450
2023-11-16 18:16:36.5590200,1183,431
2023-11-16 18:16:36.9091140,972,395
2023-11-16 18:16:37.1667260,1097,396
2023-11-16 18:16:37.3116770,206,183
2023-11-16 18:16:37.3355720,181,208
2023-11-16 18:16:37.3382470,1316,200
2023-11-16 18:16:37.4223750,908,456
2023-11-16 18:16:37.5748110,1094,422
2023-11-16 18:16:37.5889230,996,422
2023-11-16 18:16:37.6757690,420,89
2023-11-16 18:16:37.8018320,1112,385
2023-11-16 18:16:38.0456860,1133,396
2023-11-16 18:16:38.1596160,890,403
2023-11-16 18:16:38.3020060,833,36
2023-11-16 18:16:38.3589370,1093,426
2023-11-16 18:16:38.6208420,206,211
2023-11-16 18:16:38.8008100,898,454
2023-11-16 18:16:38.9082210,1312,180
2023-11-16 18:16:38.9292120,1129,396
2023-11-16 18:16:38.9384300,375,67
2023-11-16 18:16:39.5638960,862,425
2023-11-16 18:16:39.8239180,167,179
2023-11-16 18:16:39.8526300,914,414
2023-11-16 18:16:40.2438380,209,217
2023-11-16 18:16:40.3870460,982,594
2023-11-16 18:16:40.6733510,200,161
2023-11-16 18:16:40.7030540,1313,156
2023-11-16 18:16:40.7982490,999,416
2023-11-16 18:16:41.7636110,1084,397
2023-11-16 18:16:41.7909860,399,106
2023-11-16 18:16:42.0202400,1065,594
2023-11-16 18:16:43.2684100,1036,446
2023-11-16 18:16:43.6460100,1243,398
2023-11-16 18:16:43.8981050,1128,384
2023-11-16 18:16:43.9606690,1000,375
2023-11-16 18:16:44.0952140,992,56
2023-11-16 18:16:44.1330290,920,87
2023-11-16 18:16:44.1732210,1040,388
2023-11-16 18:16:44.1845350,411,101
2023-11-16 18:16:44.1917370,900,91
2023-11-16 18:16:44.2582860,1018,425
2023-11-16 18:16:44.4613430,4082,44
2023-11-16 18:16:44.9463190,395,99
2023-11-16 18:16:45.1455040,209,217
2023-11-16 18:16:46.6741100,181,113
2023-11-16 18:16:46.8527900,1118,414
2023-11-16 18:16:46.8641860,972,392
2023-11-16 18:16:47.1067610,1847,53
2023-11-16 18:16:47.3287340,392,96
2023-11-16 18:16:47.4591150,197,217
2023-11-16 18:16:47.5121590,975,409
2023-11-16 18:16:47.5530220,1025,443
2023-11-16 18:16:47.8258560,1027,388
2023-11-16 18:16:47.9441270,1143,409
2023-11-16 18:16:47.9661530,1028,394
2023-11-16 18:16:47.9747050,874,402
2023-11-16 18:16:48.4451950,997,492
2023-11-16 18:16:48.5175450,72,245
2023-11-16 18:16:48.5186180,851,397
2023-11-16 18:16:48.5874250,408,91
2023-11-16 18:16:48.6092840,1113,531
2023-11-16 18:16:48.8550760,1313,170
2023-11-16 18:16:48.9570740,1083,426
2023-11-16 18:16:49.1629210,1139,394
2023-11-16 18:16:49.5237160,978,437
2023-11-16 18:16:49.7236180,26,146
2023-11-16 18:16:49.7933320,386,61
2023-11-16 18:16:50.2784830,1074,411
2023-11-16 18:16:50.7759920,209,162
2023-11-16 18:16:50.8673230,1099,455
2023-11-16 18:16:51.5689000,120,12
2023-11-16 18:16:51.5915880,126,173
2023-11-16 18:16:51.6164500,416,140
2023-11-16 18:16:51.6213800,4074,40
2023-11-16 18:16:51.6708580,394,83
2023-11-16 18:16:51.7446750,1043,399
2023-11-16 18:16:51.7447460,1099,396
2023-11-16 18:16:51.7466010,857,91
2023-11-16 18:16:52.0288970,209,217
2023-11-16 18:16:52.2121860,1109,365
2023-11-16 18:16:52.3956860,993,441
2023-11-16 18:16:52.4668410,888,418
2023-11-16 18:16:52.9907610,2294,72
2023-11-16 18:16:53.0840800,1141,388
2023-11-16 18:16:53.1922030,1067,394
2023-11-16 18:16:53.3048190,1116,423
2023-11-16 18:16:53.3362740,416,79
2023-11-16 18:16:53.3740580,1126,520
2023-11-16 18:16:53.3922250,203,179
2023-11-16 18:16:53.9265180,379,144
2023-11-16 18:16:54.1205230,56,164
2023-11-16 18:16:54.6109990,1232,410
2023-11-16 18:16:54.6136420,209,162
2023-11-16 18:16:54.6466800,206,162
2023-11-16 18:16:55.3627990,1083,378
2023-11-16 18:16:55.6983330,171,183
2023-11-16 18:16:56.7764550,982,429
2023-11-16 18:16:56.9680610,2208,87
2023-11-16 18:16:57.1385400,374,54
2023-11-16 18:16:57.5941110,1019,413
2023-11-16 18:16:57.6583070,126,205
2023-11-16 18:16:58.2338050,1147,396
2023-11-16 18:16:58.6072120,1078,428
2023-11-16 18:16:58.9395760,883,413
2023-11-16 18:16:59.1437960,169,217
2023-11-16 18:16:59.3669290,1094,429
2023-11-16 18:16:59.4529200,1001,427
2023-11-16 18:16:59.7496970,391,93
2023-11-16 18:16:59.8200270,4081,38
2023-11-16 18:16:59.8695810,1085,388
2023-11-16 18:16:59.9652410,1064,395
2023-11-16 18:17:00.1822740,1070,411
2023-11-16 18:17:00.5221530,972,575
2023-11-16 18:17:00.6875430,1099,394
2023-11-16 18:17:00.7275850,980,384
2023-11-16 18:17:01.9851730,1057,393
2023-11-16 18:17:02.3077990,1082,409
2023-11-16 18:17:02.4071160,1072,400
2023-11-16 18:17:02.5144880,385,98
2023-11-16 18:17:02.5433500,78,141
2023-11-16 18:17:02.7803140,412,100
2023-11-16 18:17:02.9667400,1027,388
2023-11-16 18:17:03.2389700,1146,466
2023-11-16 18:17:03.4299470,994,419
2023-11-16 18:17:03.9911970,846,108
2023-11-16 18:17:04.2275790,1140,430
2023-11-16 18:17:04.9349320,1059,649
2023-11-16 18:17:04.9945260,1354,200
2023-11-16 18:17:05.3655870,167,171
2023-11-16 18:17:05.3884330,1792,50
2023-11-16 18:17:05.4222470,40,134
2023-11-16 18:17:05.9266200,407,104
2023-11-16 18:17:05.9969940,1065,411
2023-11-16 18:17:06.0036700,181,241
2023-11-16 18:17:06.1119960,1314,137
2023-11-16 18:17:06.1473170,181,128
2023-11-16 18:17:06.4678490,163,205
2023-11-16 18:17:06.4695530,2,93
2023-11-16 18:17:06.4979770,1314,203
2023-11-16 18:17:06.6766480,1056,394
2023-11-16 18:17:06.8632730,978,442
2023-11-16 18:17:07.0773670,1217,565
2023-11-16 18:17:07.1018040,1056,398
2023-11-16 18:17:07.5759460,951,445
2023-11-16 18:17:07.8254620,1233,401
2023-11-16 18:17:08.3093730,1317,169
2023-11-16 18:17:08.7466820,1103,520
2023-11-16 18:17:08.7905000,887,375
2023-11-16 18:17:09.0942230,1123,396
2023-11-16 18:17:09.1783390,1095,379
2023-11-16 18:17:09.5996540,1079,419
2023-11-16 18:17:10.4163350,1073,420
2023-11-16 18:17:10.4782610,1147,413
2023-11-16 18:17:10.7096920,212,183
2023-11-16 18:17:11.2525270,411,81
2023-11-16 18:17:11.2687590,380,76
2023-11-16 18:17:11.2779760,2522,62
2023-11-16 18:17:11.3575550,990,468
2023-11-16 18:17:11.5748650,1106,414
2023-11-16 18:17:11.6444870,1117,396
2023-11-16 18:17:11.7570040,1147,396
2023-11-16 18:17:12.1501630,127,178
2023-11-16 18:17:12.4135650,1021,428
2023-11-16 18:17:12.4770670,1081,394
2023-11-16 18:17:12.9396080,1104,394
2023-11-16 18:17:13.2061950,1149,429
2023-11-16 18:17:13.4015580,399,86
2023-11-16 18:17:13.6337490,1127,385
2023-11-16 18:17:13.7873650,766,85
2023-11-16 18:17:13.8394030,1073,396
2023-11-16 18:17:14.0259640,91,16
2023-11-16 18:17:14.0499780,922,402
2023-11-16 18:17:14.0950610,1314,220
2023-11-16 18:17:14.1208520,1049,396
2023-11-16 18:17:14.1593100,1048,399
2023-11-16 18:17:14.6538290,1180,404
2023-11-16 18:17:14.7923670,194,217
2023-11-16 18:17:15.0326650,1063,396
2023-11-16 18:17:15.0621540,206,217
2023-11-16 18:17:15.4068100,1083,386
2023-11-16 18:17:15.6606930,1016,436
2023-11-16 18:17:15.9473740,958,427
2023-11-16 18:17:16.0760100,91,16
2023-11-16 18:17:16.1274850,335,18
2023-11-16 18:17:16.3798170,895,114
2023-11-16 18:17:16.6262720,1004,532
2023-11-16 18:17:16.9231770,194,223
2023-11-16 18:17:17.6032860,1001,427
2023-11-16 18:17:17.6951410,954,390
2023-11-16 18:17:17.9894550,4083,44
2023-11-16 18:17:18.0672970,203,217
2023-11-16 18:17:18.1112920,980,385
2023-11-16 18:17:18.5552660,91,24
2023-11-16 18:17:18.6562390,428,102
2023-11-16 18:17:18.9441360,878,110
2023-11-16 18:17:18.9701430,4088,41
2023-11-16 18:17:19.1655710,212,164
2023-11-16 18:17:19.7449890,982,411
2023-11-16 18:17:20.7336250,445,174
2023-11-16 18:17:20.7431190,394,86
2023-11-16 18:17:20.7817520,1023,421
2023-11-16 18:17:21.0083270,1314,152
2023-11-16 18:17:21.1926490,1009,420
2023-11-16 18:17:21.3333170,1007,375
2023-11-16 18:17:21.6260440,1161,373
2023-11-16 18:17:21.6721570,4085,52
2023-11-16 18:17:22.0963870,1067,429
2023-11-16 18:17:22.6569430,1038,409
2023-11-16 18:17:23.1721630,1136,422
2023-11-16 18:17:23.2818030,169,217
2023-11-16 18:17:23.4027630,313,18
2023-11-16 18:17:23.5006450,1116,574
2023-11-16 18:17:23.6885580,1240,501
2023-11-16 18:17:23.6947390,1060,58
2023-11-16 18:17:23.7166460,209,167
2023-11-16 18:17:23.8215970,428,108
2023-11-16 18:17:24.0466400,1093,414
2023-11-16 18:17:24.6362230,1045,585
2023-11-16 18:17:24.8593070,435,111
2023-11-16 18:17:25.0910970,1037,390
2023-11-16 18:17:25.6412610,422,95
2023-11-16 18:17:26.3061630,1313,201
2023-11-16 18:17:26.3254020,1184,394
2023-11-16 18:17:26.3308380,1001,396
2023-11-16 18:17:26.5708000,890,387
2023-11-16 18:17:26.7771460,181,140
2023-11-16 18:17:27.1267490,1119,397
2023-11-16 18:17:27.2627820,407,92
2023-11-16 18:17:27.7383050,1188,388
2023-11-16 18:17:27.8443500,1016,375
2023-11-16 18:17:28.1415580,1095,417
2023-11-16 18:17:28.2514960,1027,395
2023-11-16 18:17:28.4021470,1102,455
2023-11-16 18:17:28.7481560,1026,429
2023-11-16 18:17:28.8816870,1996,70
2023-11-16 18:17:28.9131020,1314,139
2023-11-16 18:17:28.9310460,181,173
2023-11-16 18:17:29.1011360,1049,397
2023-11-16 18:17:29.2540510,1132,414
2023-11-16 18:17:29.2630750,1088,386
2023-11-16 18:17:29.5393420,125,205
2023-11-16 18:17:30.1637080,2396,69
2023-11-16 18:17:30.1926510,206,167
2023-11-16 18:17:30.4104930,376,73
2023-11-16 18:17:31.0367480,127,198
2023-11-16 18:17:31.2401180,4078,49
2023-11-16 18:17:31.5968230,404,109
2023-11-16 18:17:31.9562680,1026,409
2023-11-16 18:17:32.1585220,1199,394
2023-11-16 18:17:32.5127900,91,16
2023-11-16 18:17:32.6331280,1013,422
2023-11-16 18:17:32.6609130,990,392
2023-11-16 18:17:32.7925140,4083,38
2023-11-16 18:17:33.0108020,1314,200
2023-11-16 18:17:33.0705980,1069,499
2023-11-16 18:17:33.0889680,1017,519
2023-11-16 18:17:33.6881330,200,183
2023-11-16 18:17:33.8790470,124,204
2023-11-16 18:17:34.0270310,895,393
2023-11-16 18:17:34.6373970,399,112
2023-11-16 18:17:34.7356560,410,95
2023-11-16 18:17:35.3048290,1107,388
2023-11-16 18:17:35.7314870,212,217
2023-11-16 18:17:36.0412390,1007,385
2023-11-16 18:17:36.7905260,1052,652
2023-11-16 18:17:36.7955210,1143,388
2023-11-16 18:17:37.0404600,307,18
2023-11-16 18:17:37.2973570,392,91
2023-11-16 18:17:37.5010600,129,185
2023-11-16 18:17:37.5326150,129,159
2023-11-16 18:17:37.8048800,936,431
2023-11-16 18:17:37.9758180,128,205
2023-11-16 18:17:38.2223570,1025,388
2023-11-16 18:17:38.7475010,203,217
2023-11-16 18:17:39.1591490,431,97
2023-11-16 18:17:39.3059790,1000,396
2023-11-16 18:17:39.4130100,1045,496
2023-11-16 18:17:39.6702300,165,192
2023-11-16 18:17:39.8957790,1163,429
2023-11-16 18:17:40.1308980,1143,580
2023-11-16 18:17:40.4984220,1012,389
2023-11-16 18:17:40.5227920,1121,433
2023-11-16 18:17:40.6210100,971,373
2023-11-16 18:17:40.7679770,1088,377
2023-11-16 18:17:41.2033000,1028,498
2023-11-16 18:17:41.3330000,127,202
2023-11-16 18:17:41.4368210,1139,371
2023-11-16 18:17:41.4446740,1100,414
2023-11-16 18:17:41.4713830,1019,403
2023-11-16 18:17:42.0113550,1022,443
2023-11-16 18:17:42.0538090,1176,373
2023-11-16 18:17:42.0789230,1007,403
2023-11-16 18:17:42.6063240,382,38
2023-11-16 18:17:43.1877220,396,107
2023-11-16 18:17:43.2143630,401,147
2023-11-16 18:17:43.3019490,882,135
2023-11-16 18:17:44.1064200,1161,429
2023-11-16 18:17:44.2131270,21,139
2023-11-16 18:17:44.3486340,1053,383
2023-11-16 18:17:44.6331000,402,102
2023-11-16 18:17:44.6484160,1037,434
2023-11-16 18:17:45.0778770,4077,81
2023-11-16 18:17:45.2329090,945,504
2023-11-16 18:17:45.6271890,1050,403
2023-11-16 18:17:45.9924460,1036,386
2023-11-16 18:17:46.0234340,4075,91
2023-11-16 18:17:46.0899990,1062,413
2023-11-16 18:17:46.1402350,4105,67
2023-11-16 18:17:46.2554290,1070,398
2023-11-16 18:17:46.5804930,206,181
2023-11-16 18:17:46.8038340,419,130
2023-11-16 18:17:46.8205020,181,132
2023-11-16 18:17:46.9001090,1127,415
2023-11-16 18:17:47.1929030,1043,394
2023-11-16 18:17:47.5484570,4082,104
2023-11-16 18:17:47.7574030,413,95
2023-11-16 18:17:47.9710900,934,378
2023-11-16 18:17:48.5158790,1039,379
2023-11-16 18:17:49.4980170,91,24
2023-11-16 18:17:49.7034880,1017,393
2023-11-16 18:17:49.7119260,1007,468
2023-11-16 18:17:49.7452040,375,66
2023-11-16 18:17:49.9601410,10,146
2023-11-16 18:17:50.0952680,994,414
2023-11-16 18:17:50.2137970,298,18
2023-11-16 18:17:50.3461110,1002,388
2023-11-16 18:17:50.4581890,1021,390
2023-11-16 18:17:50.9398750,209,217
2023-11-16 18:17:51.0871290,386,96
2023-11-16 18:17:51.1228350,1092,415
2023-11-16 18:17:51.3622260,403,142
2023-11-16 18:17:51.3677120,415,101
2023-11-16 18:17:51.4028890,1013,363
2023-11-16 18:17:51.5147130,1014,395
2023-11-16 18:17:51.6150610,1034,377
2023-11-16 18:17:51.7836770,1002,396
2023-11-16 18:17:52.1302300,1149,516
2023-11-16 18:17:52.3953910,1112,403
2023-11-16 18:17:52.4645030,1314,159
2023-11-16 18:17:52.5734930,1917,56
2023-11-16 18:17:52.9053660,1043,431
2023-11-16 18:17:52.9185400,1032,421
2023-11-16 18:17:53.0525920,1093,382
2023-11-16 18:17:53.0771320,1173,429
2023-11-16 18:17:53.8469210,203,189
2023-11-16 18:17:54.0248120,390,97
2023-11-16 18:17:54.5548400,4085,59
2023-11-16 18:17:54.5711160,4090,56
2023-11-16 18:17:54.6723960,409,93
2023-11-16 18:17:54.7779540,402,92
2023-11-16 18:17:54.9691250,1354,225
2023-11-16 18:17:55.4990300,181,213
2023-11-16 18:17:55.5628180,1035,414
2023-11-16 18:17:55.6930640,1033,420
2023-11-16 18:17:55.7820320,206,179
2023-11-16 18:17:55.9410190,888,426
2023-11-16 18:17:56.0154610,209,183
2023-11-16 18:17:56.1861990,1102,433
2023-11-16 18:17:56.3576650,1007,424
2023-11-16 18:17:56.4126130,203,167
2023-11-16 18:17:56.4941840,1173,421
2023-11-16 18:17:56.4995140,1080,371
2023-11-16 18:17:56.7784330,395,92
2023-11-16 18:17:56.7866320,1011,677
2023-11-16 18:17:57.1067310,91,24
2023-11-16 18:17:57.1639350,209,167
2023-11-16 18:17:57.4905280,1159,399
2023-11-16 18:17:57.5891000,463,739
2023-11-16 18:17:57.7731650,1094,398
2023-11-16 18:17:57.7747640,130,199
2023-11-16 18:17:58.0510410,203,162
2023-11-16 18:17:58.4074670,206,217
2023-11-16 18:17:58.8074480,1003,373
2023-11-16 18:17:59.0762940,376,88
2023-11-16 18:17:59.4629280,401,125
2023-11-16 18:17:59.7617390,1023,427
2023-11-16 18:18:00.0729610,197,217
2023-11-16 18:18:00.1167790,91,16
2023-11-16 18:18:00.9136600,77,187
2023-11-16 18:18:01.0522490,4083,67
2023-11-16 18:18:01.1500270,1056,396
2023-11-16 18:18:01.5365580,1033,397
2023-11-16 18:18:01.5614790,1118,378
2023-11-16 18:18:01.6122880,1269,152
2023-11-16 18:18:01.7267310,1035,401
2023-11-16 18:18:01.8073370,1256,414
2023-11-16 18:18:01.8094890,1211,450
2023-11-16 18:18:01.8334930,396,89
2023-11-16 18:18:02.0813090,4078,46
2023-11-16 18:18:02.0941530,91,16
2023-11-16 18:18:02.3197540,1066,421
2023-11-16 18:18:02.4097390,91,24
2023-11-16 18:18:02.5051610,414,79
2023-11-16 18:18:02.8004920,378,52
2023-11-16 18:18:02.9075210,385,112
2023-11-16 18:18:03.7611470,1314,285
2023-11-16 18:18:04.1868300,401,88
2023-11-16 18:18:04.8353950,404,98
2023-11-16 18:18:04.8410630,91,16
2023-11-16 18:18:05.1201770,194,188
2023-11-16 18:18:05.2565930,4086,64
2023-11-16 18:18:05.4846420,1111,389
2023-11-16 18:18:05.7223470,1125,395
2023-11-16 18:18:05.9464630,1013,421
2023-11-16 18:18:06.0438230,847,89
2023-11-16 18:18:06.8946630,375,101
2023-11-16 18:18:06.9451580,1046,393
2023-11-16 18:18:07.0251760,395,58
2023-11-16 18:18:07.1432420,402,86
2023-11-16 18:18:07.4549850,1207,386
2023-11-16 18:18:07.5456770,997,415
2023-11-16 18:18:07.7337190,191,162
2023-11-16 18:18:07.9091040,978,430
2023-11-16 18:18:07.9547300,200,217
2023-11-16 18:18:08.1530850,1160,421
2023-11-16 18:18:08.1949690,1216,466
2023-11-16 18:18:08.1964830,912,427
2023-11-16 18:18:08.1974830,181,104
2023-11-16 18:18:08.3572150,206,162
2023-11-16 18:18:08.9449300,1010,396
2023-11-16 18:18:09.1116610,975,68
2023-11-16 18:18:09.5188720,1033,396
2023-11-16 18:18:09.6737700,163,157
2023-11-16 18:18:09.8645420,382,62
2023-11-16 18:18:09.8756410,1082,426
2023-11-16 18:18:10.0476130,1311,415
2023-11-16 18:18:10.0842840,200,217
2023-11-16 18:18:10.0873350,4093,91
2023-11-16 18:18:10.0983110,91,16
2023-11-16 18:18:10.1758010,181,85
2023-11-16 18:18:10.2453980,1004,412
2023-11-16 18:18:10.7233910,1315,144
2023-11-16 18:18:10.9805570,203,161
2023-11-16 18:18:11.3166080,960,403
2023-11-16 18:18:12.0673830,1032,387
2023-11-16 18:18:12.1291510,1144,396
2023-11-16 18:18:12.1400870,414,130
2023-11-16 18:18:12.1403730,399,86
2023-11-16 18:18:12.4698320,1113,98
2023-11-16 18:18:12.5259320,181,107
2023-11-16 18:18:12.7353380,161,193
2023-11-16 18:18:12.9330480,1001,398
2023-11-16 18:18:13.1001330,371,54
2023-11-16 18:18:13.2324850,1176,385
2023-11-16 18:18:13.4102710,1061,429
2023-11-16 18:18:13.6370140,886,95
2023-11-16 18:18:13.7206960,4101,58
2023-11-16 18:18:13.8516620,1137,428
2023-11-16 18:18:13.9062510,1245,389
2023-11-16 18:18:13.9364030,401,103
2023-11-16 18:18:14.0774910,405,83
2023-11-16 18:18:14.2893420,1319,169
2023-11-16 18:18:14.6762130,1052,429
2023-11-16 18:18:14.8697200,91,24
2023-11-16 18:18:14.9384730,1062,393
2023-11-16 18:18:14.9405690,2042,52
2023-11-16 18:18:14.9582190,4080,74
2023-11-16 18:18:15.6109630,328,18
2023-11-16 18:18:15.6596320,8,122
2023-11-16 18:18:15.8266310,1313,156
2023-11-16 18:18:15.8930490,2278,45
2023-11-16 18:18:15.9430870,1129,414
2023-11-16 18:18:15.9531420,405,110
2023-11-16 18:18:16.0984070,393,105
2023-11-16 18:18:16.4094860,167,187
2023-11-16 18:18:16.4269720,1040,456
2023-11-16 18:18:16.6577870,1113,399
2023-11-16 18:18:16.6923320,1042,411
2023-11-16 18:18:16.7130670,1180,414
2023-11-16 18:18:16.7445290,1069,426
2023-11-16 18:18:16.8681250,209,217
2023-11-16 18:18:17.5731350,1065,426
2023-11-16 18:18:17.5771510,128,173
2023-11-16 18:18:17.5874790,4082,50
2023-11-16 18:18:17.5877230,1037,415
2023-11-16 18:18:17.8359330,966,403
2023-11-16 18:18:17.8510150,380,99
2023-11-16 18:18:18.0064720,1087,396
2023-11-16 18:18:18.0614790,218,179
2023-11-16 18:18:18.1002660,387,75
2023-11-16 18:18:18.1971150,1000,498
2023-11-16 18:18:19.1020270,383,114
2023-11-16 18:18:19.1440310,1093,429
2023-11-16 18:18:19.5425410,1262,390
2023-11-16 18:18:19.6938820,1473,450
2023-11-16 18:18:20.4050840,1127,563
2023-11-16 18:18:21.2392710,1076,464
2023-11-16 18:18:21.3428630,1067,393
2023-11-16 18:18:21.3502140,402,73
2023-11-16 18:18:21.4594820,209,179
2023-11-16 18:18:21.6827540,1047,401
2023-11-16 18:18:22.0185500,200,193
2023-11-16 18:18:22.2781080,942,404
2023-11-16 18:18:22.4517890,1072,446
2023-11-16 18:18:22.5360850,1232,419
2023-11-16 18:18:22.6642100,373,91
2023-11-16 18:18:22.8197380,999,395
2023-11-16 18:18:22.9452770,1146,426
2023-11-16 18:18:23.4178130,1049,667
2023-11-16 18:18:23.7661090,1130,375
2023-11-16 18:18:23.7662440,1009,419
2023-11-16 18:18:24.0058470,1317,320
2023-11-16 18:18:24.0260720,921,114
2023-11-16 18:18:24.1511450,4084,34
2023-11-16 18:18:24.2016170,1157,429
2023-11-16 18:18:24.2821470,1093,425
2023-11-16 18:18:24.3180850,1035,405
2023-11-16 18:18:24.3201610,1009,395
2023-11-16 18:18:24.3488640,4091,40
2023-11-16 18:18:24.4025200,482,73
2023-11-16 18:18:24.6807160,4076,38
2023-11-16 18:18:24.6813630,401,104
2023-11-16 18:18:24.7459780,1046,429
2023-11-16 18:18:25.1063330,1230,389
2023-11-16 18:18:25.1243840,161,159
2023-11-16 18:18:25.7335910,26,238
2023-11-16 18:18:25.7539740,1108,399
2023-11-16 18:18:25.8917230,378,124
2023-11-16 18:18:25.8946530,1051,410
2023-11-16 18:18:26.1473990,2,93
2023-11-16 18:18:26.3141570,1001,373
2023-11-16 18:18:26.3723560,1059,429
2023-11-16 18:18:26.5284590,996,385
2023-11-16 18:18:26.5397010,1096,396
2023-11-16 18:18:26.6273440,417,98
2023-11-16 18:18:26.9448900,1139,396
2023-11-16 18:18:27.0789950,310,18
2023-11-16 18:18:27.3857770,1027,482
2023-11-16 18:18:27.4805380,1007,388
2023-11-16 18:18:27.5255280,161,150
2023-11-16 18:18:27.7341810,4099,55
2023-11-16 18:18:27.9015730,1025,394
2023-11-16 18:18:27.9600200,1044,413
2023-11-16 18:18:28.0817950,404,108
2023-11-16 18:18:28.1194520,1036,425
2023-11-16 18:18:28.1842040,1098,396
2023-11-16 18:18:28.3574120,405,105
2023-11-16 18:18:28.3826180,4074,50
2023-11-16 18:18:28.3965080,1269,451
2023-11-16 18:18:28.4967770,788,51
2023-11-16 18:18:29.1642990,918,397
2023-11-16 18:18:29.3449320,206,179
2023-11-16 18:18:29.4372930,4076,51
2023-11-16 18:18:29.7101000,1068,664
2023-11-16 18:18:30.2412200,1042,472
2023-11-16 18:18:30.2564630,417,92
2023-11-16 18:18:30.4376460,409,146
2023-11-16 18:18:30.4574440,1002,373
2023-11-16 18:18:30.9367640,942,104
2023-11-16 18:18:31.1528320,983,414
2023-11-16 18:18:31.2597480,4088,67
2023-11-16 18:18:31.3436920,1113,1000
2023-11-16 18:18:31.4200400,203,217
2023-11-16 18:18:31.5039310,435,83
2023-11-16 18:18:31.5319360,4086,37
2023-11-16 18:18:31.6945040,91,16
2023-11-16 18:18:31.7842030,1071,386
2023-11-16 18:18:32.1570170,167,217
2023-11-16 18:18:32.1581070,200,161
2023-11-16 18:18:32.2921750,181,92
2023-11-16 18:18:32.4718780,181,118
2023-11-16 18:18:32.9188810,4090,45
2023-11-16 18:18:32.9690150,1201,546
2023-11-16 18:18:32.9716070,1208,400
2023-11-16 18:18:33.1333960,373,57
2023-11-16 18:18:33.4304980,1005,407
2023-11-16 18:18:33.5195400,130,199
2023-11-16 18:18:33.7481160,1008,398
2023-11-16 18:18:33.8495520,91,16
2023-11-16 18:18:34.1271220,392,109
2023-11-16 18:18:34.1989740,394,94
2023-11-16 18:18:34.3773290,988,466
2023-11-16 18:18:34.4170260,1146,380
2023-11-16 18:18:34.4744130,4089,67
2023-11-16 18:18:34.5144890,1091,436
2023-11-16 18:18:35.0307490,379,87
2023-11-16 18:18:35.1642470,411,93
2023-11-16 18:18:35.4522050,4083,62
2023-11-16 18:18:36.2720800,396,65
2023-11-16 18:18:36.3352620,4088,107
2023-11-16 18:18:36.5610440,4073,29
2023-11-16 18:18:36.5902610,1060,396
2023-11-16 18:18:36.6232030,1046,429
2023-11-16 18:18:36.6379200,398,79
2023-11-16 18:18:36.9009410,3067,101
2023-11-16 18:18:37.2924600,381,99
2023-11-16 18:18:37.4977210,1117,428
2023-11-16 18:18:37.5829260,383,69
2023-11-16 18:18:37.5924350,403,106
2023-11-16 18:18:37.8331210,377,69
2023-11-16 18:18:37.9442660,403,101
2023-11-16 18:18:38.2853250,1145,396
2023-11-16 18:18:38.4672110,1209,403
2023-11-16 18:18:38.6109860,893,455
2023-11-16 18:18:39.2539150,1036,411
2023-11-16 18:18:39.4035400,203,217
2023-11-16 18:18:39.6769020,200,217
2023-11-16 18:18:39.6772700,299,18
2023-11-16 18:18:39.9116680,1142,436
2023-11-16 18:18:40.1559250,1318,234
2023-11-16 18:18:40.8664420,323,18
2023-11-16 18:18:41.0192210,1023,416
2023-11-16 18:18:41.1395180,1039,593
2023-11-16 18:18:41.3619390,1024,414
2023-11-16 18:18:41.8476660,206,165
2023-11-16 18:18:41.8862620,371,97
2023-11-16 18:18:42.0699410,373,66
2023-11-16 18:18:42.1205850,385,73
2023-11-16 18:18:42.2136360,203,167
2023-11-16 18:18:42.5626620,398,132
2023-11-16 18:18:42.6561570,1241,421
2023-11-16 18:18:42.6798360,1050,374
2023-11-16 18:18:42.8044870,4075,63
2023-11-16 18:18:43.0060520,401,86
2023-11-16 18:18:43.0991360,1436,386
2023-11-16 18:18:43.2874020,389,65
2023-11-16 18:18:43.5116460,386,49
2023-11-16 18:18:43.5421170,1069,426
2023-11-16 18:18:43.5749260,212,217
2023-11-16 18:18:43.6043670,991,373
2023-11-16 18:18:43.6802780,181,112
2023-11-16 18:18:44.0156230,4082,210
2023-11-16 18:18:44.1069680,395,142
2023-11-16 18:18:44.8763270,1007,451
2023-11-16 18:18:44.9010530,395,91
2023-11-16 18:18:45.3942130,324,18
2023-11-16 18:18:45.4272570,200,167
2023-11-16 18:18:45.4494390,397,103
2023-11-16 18:18:45.4495910,4074,67
2023-11-16 18:18:45.5130510,452,101
2023-11-16 18:18:45.6340250,391,93
2023-11-16 18:18:45.7192060,1061,429
2023-11-16 18:18:45.8416490,1007,379
2023-11-16 18:18:46.0369020,398,99
2023-11-16 18:18:46.0553450,913,398
2023-11-16 18:18:46.1773060,999,412
2023-11-16 18:18:46.2287290,385,84
2023-11-16 18:18:46.2380980,4096,45
2023-11-16 18:18:46.5758420,1161,408
2023-11-16 18:18:47.0028620,396,113
2023-11-16 18:18:47.3050460,4080,35
2023-11-16 18:18:47.4237090,200,188
2023-11-16 18:18:47.4849730,1116,401
2023-11-16 18:18:47.5142120,1046,531
2023-11-16 18:18:47.6529960,1015,397
2023-11-16 18:18:47.6705250,396,95
2023-11-16 18:18:47.7525750,1320,201
2023-11-16 18:18:47.7557800,1040,396
2023-11-16 18:18:47.7803630,416,153
2023-11-16 18:18:47.9159150,384,61
2023-11-16 18:18:48.3233200,1288,418
2023-11-16 18:18:48.4058450,203,162
2023-11-16 18:18:48.4244850,400,82
2023-11-16 18:18:48.5818650,209,217
2023-11-16 18:18:48.6073810,402,134
2023-11-16 18:18:48.6399190,906,146
2023-11-16 18:18:48.7249820,1312,204
2023-11-16 18:18:48.8193570,4076,92
2023-11-16 18:18:49.2049670,1042,373
2023-11-16 18:18:49.2652810,128,205
2023-11-16 18:18:49.6060390,1067,398
2023-11-16 18:18:49.6787080,1170,398
2023-11-16 18:18:50.0427920,1129,396
2023-11-16 18:18:50.4570040,4075,52
2023-11-16 18:18:50.5479510,401,144
2023-11-16 18:18:50.6784290,1032,401
2023-11-16 18:18:50.7795180,407,122
2023-11-16 18:18:50.8285750,1102,425
2023-11-16 18:18:51.0082060,1088,407
2023-11-16 18:18:51.2215930,385,107
2023-11-16 18:18:51.2659710,967,398
2023-11-16 18:18:51.3519630,395,83
2023-11-16 18:18:51.4984900,1160,392
2023-11-16 18:18:51.6687920,1019,413
2023-11-16 18:18:51.7592250,4082,31
2023-11-16 18:18:52.2312320,181,172
2023-11-16 18:18:52.3626310,91,24
2023-11-16 18:18:52.4425650,409,125
2023-11-16 18:18:52.4626260,383,58
2023-11-16 18:18:52.5321090,1363,363
2023-11-16 18:18:52.5385130,1034,550
2023-11-16 18:18:52.5459990,200,174
2023-11-16 18:18:52.6021970,4083,46
2023-11-16 18:18:53.0162570,4119,36
2023-11-16 18:18:53.1774630,998,373
2023-11-16 18:18:53.3018730,203,217
2023-11-16 18:18:53.5713290,1317,268
2023-11-16 18:18:53.6144120,1001,399
2023-11-16 18:18:53.7347540,167,168
2023-11-16 18:18:53.8622820,1093,429
2023-11-16 18:18:53.8966600,3053,69
2023-11-16 18:18:53.9579340,373,27
2023-11-16 18:18:53.9893020,4080,61
2023-11-16 18:18:54.2953780,209,194
2023-11-16 18:18:54.5128610,1314,161
2023-11-16 18:18:54.5407550,91,16
2023-11-16 18:18:54.7794720,2584,150
2023-11-16 18:18:54.7841040,1072,446
2023-11-16 18:18:55.0450840,370,69
2023-11-16 18:18:55.0509420,379,88
2023-11-16 18:18:55.0753440,1129,136
2023-11-16 18:18:55.1283460,372,90
2023-11-16 18:18:55.2914420,1297,368
2023-11-16 18:18:55.2998650,1012,420
2023-11-16 18:18:55.3015330,377,53
2023-11-16 18:18:55.4910020,1191,411
2023-11-16 18:18:55.5677710,4078,62
2023-11-16 18:18:56.3039790,393,101
2023-11-16 18:18:56.4811580,1208,413
2023-11-16 18:18:56.8315070,379,62
2023-11-16 18:18:57.1897410,4132,75
2023-11-16 18:18:57.5356410,394,70
2023-11-16 18:18:57.5744330,425,96
2023-11-16 18:18:57.7097190,313,18
2023-11-16 18:18:57.7391160,134,202
2023-11-16 18:18:57.8008100,181,418
2023-11-16 18:18:58.3866190,1027,405
2023-11-16 18:18:58.5309350,1035,431
2023-11-16 18:18:58.6383220,391,93
2023-11-16 18:18:58.8159470,395,118
2023-11-16 18:18:59.5217170,371,58
2023-11-16 18:18:59.8639560,1098,396
2023-11-16 18:18:59.9552160,1296,398
2023-11-16 18:19:00.0422760,124,159
2023-11-16 18:19:00.2010520,394,104
2023-11-16 18:19:00.2835150,1230,399
2023-11-16 18:19:00.5422800,2786,99
2023-11-16 18:19:00.6932330,380,74
2023-11-16 18:19:00.8758150,91,16
2023-11-16 18:19:01.5520310,1298,402
2023-11-16 18:19:01.5718270,4077,40
2023-11-16 18:19:01.7384100,1101,405
2023-11-16 18:19:01.9268350,998,518
2023-11-16 18:19:02.0793560,378,52
2023-11-16 18:19:02.0879840,1033,394
2023-11-16 18:19:02.1242220,4085,53
2023-11-16 18:19:02.1689510,4126,113
2023-11-16 18:19:02.1987540,395,90
2023-11-16 18:19:02.5711640,4075,58
2023-11-16 18:19:03.1061030,1120,415
2023-11-16 18:19:03.2017610,420,104
2023-11-16 18:19:03.4627410,1138,396
2023-11-16 18:19:03.8825600,406,89
2023-11-16 18:19:03.9898170,1314,152
2023-11-16 18:19:04.1450200,4089,68
2023-11-16 18:19:04.5005020,1057,445
2023-11-16 18:19:04.7655230,4095,50
2023-11-16 18:19:05.3180200,1074,403
2023-11-16 18:19:05.4795310,1133,432
2023-11-16 18:19:05.4999960,1110,451
2023-11-16 18:19:05.5030720,1005,111
2023-11-16 18:19:05.5041670,853,106
2023-11-16 18:19:05.7763550,1198,396
2023-11-16 18:19:05.8397820,372,61
2023-11-16 18:19:06.2590390,4084,66
2023-11-16 18:19:06.6962330,381,91
2023-11-16 18:19:06.8598960,1112,404
2023-11-16 18:19:07.0058290,956,75
2023-11-16 18:19:07.0176670,431,99
2023-11-16 18:19:07.3587560,957,414
2023-11-16 18:19:07.4540660,400,85
2023-11-16 18:19:07.5526900,2436,83
2023-11-16 18:19:07.8327280,4075,28
2023-11-16 18:19:08.0426770,394,93
2023-11-16 18:19:08.7606470,1216,456
2023-11-16 18:19:08.8260420,1398,44
2023-11-16 18:19:09.0615460,218,179
2023-11-16 18:19:09.1195340,4100,48
2023-11-16 18:19:09.1674880,391,93
2023-11-16 18:19:09.2876060,383,83
2023-11-16 18:19:09.3845110,22,147
2023-11-16 18:19:09.7160690,1247,398
2023-11-16 18:19:09.7628180,1318,139
2023-11-16 18:19:09.9010380,203,193
2023-11-16 18:19:10.0831220,1135,410
2023-11-16 18:19:10.2040510,1009,393
2023-11-16 18:19:10.2283200,1249,413
2023-11-16 18:19:10.4316550,391,94
2023-11-16 18:19:10.4569570,163,158
2023-11-16 18:19:10.5806830,404,71
2023-11-16 18:19:10.7955000,871,103
2023-11-16 18:19:11.0003980,4091,87
2023-11-16 18:19:11.3223190,978,401
2023-11-16 18:19:11.6197000,372,28
2023-11-16 18:19:11.8579310,372,67
2023-11-16 18:19:12.1322310,1165,411
2023-11-16 18:19:12.1792540,1262,373
2023-11-16 18:19:12.3721030,1216,421
2023-11-16 18:19:12.4218740,237,14
2023-11-16 18:19:12.4527050,91,24
2023-11-16 18:19:12.4574690,1196,385
2023-11-16 18:19:12.6651930,1116,411
2023-11-16 18:19:12.9197430,1102,427
2023-11-16 18:19:13.1138240,414,84
2023-11-16 18:19:13.5313630,392,74
2023-11-16 18:19:13.7813260,386,57
2023-11-16 18:19:14.2825160,1111,415
2023-11-16 18:19:14.3469120,997,393
2023-11-16 18:19:14.3577740,987,393
2023-11-16 18:19:15.0429220,203,167
2023-11-16 18:19:15.1191840,3744,67
2023-11-16 18:19:15.3203410,209,217
2023-11-16 18:19:15.3706150,908,90
2023-11-16 18:19:15.6372510,404,126
2023-11-16 18:19:15.8090160,1296,448
2023-11-16 18:19:16.1831410,396,87
2023-11-16 18:19:16.3412940,1035,411
2023-11-16 18:19:16.4227080,416,99
2023-11-16 18:19:16.5605070,167,205
2023-11-16 18:19:16.6862180,2584,174
2023-11-16 18:19:16.6982440,907,429
2023-11-16 18:19:16.7351070,429,108
2023-11-16 18:19:16.7844720,1361,98
2023-11-16 18:19:16.8179090,130,173
2023-11-16 18:19:16.8715510,203,217
2023-11-16 18:19:16.9488570,126,203
2023-11-16 18:19:16.9670930,1082,105
2023-11-16 18:19:17.1589150,397,54
2023-11-16 18:19:17.1876740,4093,35
2023-11-16 18:19:17.8380140,383,72
2023-11-16 18:19:17.9193640,416,144
2023-11-16 18:19:18.0959580,1072,411
2023-11-16 18:19:18.1241700,380,112
2023-11-16 18:19:18.2768220,1161,440
2023-11-16 18:19:18.2896000,197,217
2023-11-16 18:19:18.3165890,2426,130
2023-11-16 18:19:18.4577720,368,62
2023-11-16 18:19:18.4849710,1101,402
2023-11-16 18:19:18.4862560,405,142
2023-11-16 18:19:18.5354070,181,119
2023-11-16 18:19:18.6205980,910,60
2023-11-16 18:19:18.9132090,4145,40
2023-11-16 18:19:19.2563160,994,396
2023-11-16 18:19:19.3297710,1201,497
2023-11-16 18:19:19.5766160,4070,77
2023-11-16 18:19:19.6287820,4093,48
2023-11-16 18:19:19.9516330,4093,60
2023-11-16 18:19:20.0336470,400,95
2023-11-16 18:19:20.0852290,404,101
2023-11-16 18:19:20.2020770,4122,51
2023-11-16 18:19:20.3042060,1001,371
2023-11-16 18:19:20.3403050,1004,412
2023-11-16 18:19:20.4343100,1118,385
2023-11-16 18:19:20.6146480,391,98
2023-11-16 18:19:20.6617880,4084,36
2023-11-16 18:19:20.6840140,4091,42
2023-11-16 18:19:20.7198250,374,70
2023-11-16 18:19:20.9193420,395,132
2023-11-16 18:19:21.0153150,1318,151
2023-11-16 18:19:21.4131240,373,126
2023-11-16 18:19:21.4507790,167,217
2023-11-16 18:19:22.1002840,404,96
2023-11-16 18:19:22.5271860,399,91
2023-11-16 18:19:22.7079830,309,18
2023-11-16 18:19:22.8549790,914,100
2023-11-16 18:19:23.2256460,398,99
2023-11-16 18:19:23.2317240,923,416
2023-11-16 18:19:23.4497250,392,91
2023-11-16 18:19:24.2506980,206,171
2023-11-16 18:19:24.2642440,2406,33
2023-11-16 18:19:24.5130800,1231,416
2023-11-16 18:19:24.5149560,1181,415
2023-11-16 18:19:24.7555710,374,73
2023-11-16 18:19:24.9024300,396,120
2023-11-16 18:19:24.9821160,181,209
2023-11-16 18:19:25.3428590,4082,49
2023-11-16 18:19:25.4593490,4079,53
2023-11-16 18:19:25.6628430,1658,82
2023-11-16 18:19:25.6637020,165,158
2023-11-16 18:19:25.9120360,405,133
2023-11-16 18:19:26.1491810,4119,59
2023-11-16 18:19:26.4160150,1205,409
2023-11-16 18:19:26.5652640,1120,397
2023-11-16 18:19:26.7945070,367,49
2023-11-16 18:19:26.9989210,405,96
2023-11-16 18:19:27.3604430,4099,53
2023-11-16 18:19:27.5047020,442,78
2023-11-16 18:19:27.5589950,4074,28
2023-11-16 18:19:28.0895170,1009,399
2023-11-16 18:19:28.3567190,375,94
2023-11-16 18:19:28.6392080,1009,399
2023-11-16 18:19:28.7153430,1313,162
2023-11-16 18:19:28.7734430,1133,432
2023-11-16 18:19:28.9642660,385,77
2023-11-16 18:19:29.0507950,1296,405
2023-11-16 18:19:29.3789830,1199,440
2023-11-16 18:19:29.3904840,1321,180
2023-11-16 18:19:30.0199870,437,92
2023-11-16 18:19:30.0611600,440,84
2023-11-16 18:19:31.0757990,381,67
2023-11-16 18:19:31.1824020,420,103
2023-11-16 18:19:31.4698370,1060,449
2023-11-16 18:19:31.7112010,1199,373
2023-11-16 18:19:31.7332550,390,99
2023-11-16 18:19:31.8697660,4122,73
2023-11-16 18:19:31.9496980,4076,39
2023-11-16 18:19:32.2002140,203,217
2023-11-16 18:19:32.2875800,999,575
2023-11-16 18:19:32.3776190,4082,128
2023-11-16 18:19:32.5213540,1231,463
2023-11-16 18:19:32.8793440,1165,409
2023-11-16 18:19:33.0005870,987,393
2023-11-16 18:19:33.0364000,414,101
2023-11-16 18:19:33.1298310,396,102
2023-11-16 18:19:33.1724150,1865,122
2023-11-16 18:19:33.1752240,390,83
2023-11-16 18:19:33.1775130,1083,429
2023-11-16 18:19:33.2428710,373,69
2023-11-16 18:19:33.9745910,4085,37
2023-11-16 18:19:34.0943360,401,89
2023-11-16 18:19:34.1730910,203,183
2023-11-16 18:19:34.4340330,1233,377
2023-11-16 18:19:34.8329210,1133,429
2023-11-16 18:19:34.9402560,4122,64
2023-11-16 18:19:34.9989210,1199,396
2023-11-16 18:19:35.0858000,1226,95
2023-11-16 18:19:35.1741110,1031,397
2023-11-16 18:19:35.4437450,206,189
2023-11-16 18:19:35.4655620,980,516
2023-11-16 18:19:35.4748760,167,179
2023-11-16 18:19:35.5959310,405,128
2023-11-16 18:19:35.6064460,376,62
2023-11-16 18:19:35.6975570,1313,169
2023-11-16 18:19:35.7008680,1320,239
2023-11-16 18:19:35.7831860,1052,101
2023-11-16 18:19:36.1303410,1060,658
2023-11-16 18:19:36.1927120,1049,395
2023-11-16 18:19:36.3313210,408,104
2023-11-16 18:19:36.4794780,91,16
2023-11-16 18:19:36.6335930,1313,234
2023-11-16 18:19:36.8848090,206,186
2023-11-16 18:19:36.9121270,128,159
2023-11-16 18:19:37.3491540,4089,50
2023-11-16 18:19:37.3627140,1150,375
2023-11-16 18:19:37.3718180,1196,425
2023-11-16 18:19:37.4616150,406,102
2023-11-16 18:19:37.4669350,388,92
2023-11-16 18:19:37.5297460,980,396
2023-11-16 18:19:37.6881850,173,158
2023-11-16 18:19:37.7126800,407,91
2023-11-16 18:19:37.7576120,963,407
2023-11-16 18:19:37.7886980,1808,56
2023-11-16 18:19:38.0915140,379,59
2023-11-16 18:19:38.1780980,413,96
2023-11-16 18:19:38.2824370,1146,425
2023-11-16 18:19:38.5947420,1060,397
2023-11-16 18:19:38.6092160,191,217
2023-11-16 18:19:38.8231290,394,93
2023-11-16 18:19:38.9199360,1204,412
2023-11-16 18:19:38.9507760,197,217
2023-11-16 18:19:39.1011590,1207,386
2023-11-16 18:19:39.1935450,23,149
2023-11-16 18:19:39.1983050,396,95
2023-11-16 18:19:39.2552690,923,418
2023-11-16 18:19:39.3317100,396,96
2023-11-16 18:19:39.3317260,923,417
2023-11-16 18:19:39.3527310,1262,415
2023-11-16 18:19:39.3776610,1102,427
2023-11-16 18:19:39.5263260,371,85
2023-11-16 18:19:39.8381470,4075,39
2023-11-16 18:19:39.9431450,1186,371
2023-11-16 18:19:40.0769600,181,111
2023-11-16 18:19:40.0788690,1008,373
2023-11-16 18:19:40.0885780,1225,401
2023-11-16 18:19:40.2131420,1181,426
2023-11-16 18:19:40.3196380,1311,169
2023-11-16 18:19:40.5811660,2216,49
2023-11-16 18:19:40.6927840,200,179
2023-11-16 18:19:41.7435840,1060,397
2023-11-16 18:19:41.7741420,4074,74
2023-11-16 18:19:42.1029470,763,30
2023-11-16 18:19:42.4678440,1353,181
2023-11-16 18:19:43.1269580,1035,411
2023-11-16 18:19:43.4913680,4086,75
2023-11-16 18:19:43.6407410,394,110
2023-11-16 18:19:43.9501100,126,203
2023-11-16 18:19:43.9618070,1264,440
2023-11-16 18:19:44.2581100,91,16
2023-11-16 18:19:44.2605140,4089,84
2023-11-16 18:19:44.3404490,382,53
2023-11-16 18:19:44.3693430,395,88
2023-11-16 18:19:44.4666230,4089,79
2023-11-16 18:19:44.7573760,1004,396
2023-11-16 18:19:44.8840820,181,1000
2023-11-16 18:19:45.1191660,1031,397
2023-11-16 18:19:45.2286150,416,86
2023-11-16 18:19:45.6524360,171,198
2023-11-16 18:19:45.9939500,383,76
2023-11-16 18:19:46.0578640,4071,46
2023-11-16 18:19:46.1066610,1133,463
2023-11-16 18:19:46.4830990,419,93
2023-11-16 18:19:46.5818890,1083,397
2023-11-16 18:19:46.8651680,1146,394
2023-11-16 18:19:47.1097020,385,88
2023-11-16 18:19:47.7313560,1264,418
2023-11-16 18:19:47.9804980,402,103
2023-11-16 18:19:48.2923810,415,142
2023-11-16 18:19:48.5325240,386,66
2023-11-16 18:19:48.9704040,1312,134
2023-11-16 18:19:49.0387710,1009,399
2023-11-16 18:19:49.0435050,1196,373
2023-11-16 18:19:49.0746680,1007,395
2023-11-16 18:19:49.3145370,1024,393
2023-11-16 18:19:49.8132550,923,468
2023-11-16 18:19:49.9451680,1318,918
2023-11-16 18:19:50.1184910,4085,144
2023-11-16 18:19:50.7059790,432,95
2023-11-16 18:19:51.0170710,1010,429
2023-11-16 18:19:51.3344230,371,78
2023-11-16 18:19:51.4696770,403,91
2023-11-16 18:19:51.6645710,2636,82
2023-11-16 18:19:51.8606680,389,94
2023-11-16 18:19:52.0918280,1072,468
2023-11-16 18:19:52.4598750,391,116
2023-11-16 18:19:52.5444200,396,105
2023-11-16 18:19:53.2546630,4083,97
2023-11-16 18:19:53.2977170,209,179
2023-11-16 18:19:53.5510260,1136,401
2023-11-16 18:19:54.1465130,206,183
2023-11-16 18:19:54.1672380,203,162
2023-11-16 18:19:54.4395510,1025,414
2023-11-16 18:19:54.5646080,2516,75
2023-11-16 18:19:54.7022780,944,40
2023-11-16 18:19:54.8099510,1227,625
2023-11-16 18:19:55.0825960,1211,368
2023-11-16 18:19:55.1342520,1186,377
2023-11-16 18:19:55.1950620,408,129
2023-11-16 18:19:55.5286620,1139,373
2023-11-16 18:19:55.7150250,419,130
2023-11-16 18:19:55.7572070,1199,441
2023-11-16 18:19:55.9149020,30,164
2023-11-16 18:19:56.0083350,1008,373
2023-11-16 18:19:56.1217250,1150,387
2023-11-16 18:19:56.1577470,2584,135
2023-11-16 18:19:56.2750580,1009,399
2023-11-16 18:19:56.6466670,1231,526
2023-11-16 18:19:56.8518960,1027,414
2023-11-16 18:19:56.9458010,203,181
2023-11-16 18:19:57.0488850,388,103
2023-11-16 18:19:57.4226610,1231,394
2023-11-16 18:19:57.4269940,1029,438
2023-11-16 18:19:57.4907700,1009,385
2023-11-16 18:19:58.3328430,1205,391
2023-11-16 18:19:58.7360590,393,99
2023-11-16 18:19:58.7595090,369,52
2023-11-16 18:19:58.9647290,1010,393
2023-11-16 18:19:59.2325540,1049,395
2023-11-16 18:19:59.2890000,387,73
2023-11-16 18:19:59.5026660,1010,397
2023-11-16 18:19:59.6934510,912,442
2023-11-16 18:19:59.9785710,981,393
2023-11-16 18:20:00.0961180,1083,397
2023-11-16 18:20:00.1129950,1076,51
2023-11-16 18:20:00.1570860,1195,507
2023-11-16 18:20:00.1820790,4076,104
2023-11-16 18:20:00.3990290,1007,415
2023-11-16 18:20:00.3990360,4076,59
2023-11-16 18:20:00.4630790,167,217
2023-11-16 18:20:00.7185290,379,60
2023-11-16 18:20:00.8202580,1230,414
2023-11-16 18:20:00.9759550,1596,52
2023-11-16 18:20:01.1556860,1195,507
2023-11-16 18:20:01.2096990,1201,45
2023-11-16 18:20:01.4268110,6066,74
2023-11-16 18:20:01.6262450,4075,136
2023-11-16 18:20:01.7541150,4120,115
2023-11-16 18:20:02.0413840,931,92
2023-11-16 18:20:02.0956530,1264,416
2023-11-16 18:20:02.0966660,1351,145
2023-11-16 18:20:02.2286030,386,86
2023-11-16 18:20:02.6570100,1227,392
2023-11-16 18:20:02.6747620,1009,399
2023-11-16 18:20:02.9438670,1007,385
2023-11-16 18:20:03.1787050,1231,373
2023-11-16 18:20:03.2511690,130,185
2023-11-16 18:20:03.3926410,391,76
2023-11-16 18:20:03.3930570,380,86
2023-11-16 18:20:03.5743470,407,106
2023-11-16 18:20:03.6728730,1136,377
2023-11-16 18:20:03.7288980,956,65
2023-11-16 18:20:03.8461290,1262,395
2023-11-16 18:20:03.8647680,181,357
2023-11-16 18:20:03.9012910,91,16
2023-11-16 18:20:03.9442130,1086,397
2023-11-16 18:20:04.3071890,1112,432
2023-11-16 18:20:04.6617560,200,211
2023-11-16 18:20:04.8659490,1120,397
2023-11-16 18:20:05.0572500,1082,385
2023-11-16 18:20:05.3552530,1156,396
2023-11-16 18:20:05.5147500,2445,83
2023-11-16 18:20:05.5566190,1060,411
2023-11-16 18:20:05.6608070,1139,428
2023-11-16 18:20:06.2552110,206,211
2023-11-16 18:20:07.0721000,1009,394
2023-11-16 18:20:07.1052520,375,77
2023-11-16 18:20:07.1591120,1314,161
2023-11-16 18:20:07.3403980,435,103
2023-11-16 18:20:07.3407560,409,149
2023-11-16 18:20:07.9871530,1211,408
2023-11-16 18:20:08.0021400,1035,375
2023-11-16 18:20:08.1384890,1227,656
2023-11-16 18:20:08.6171170,1203,421
2023-11-16 18:20:08.6999540,1024,429
2023-11-16 18:20:08.7446530,171,205
2023-11-16 18:20:08.7447290,200,174
2023-11-16 18:20:09.0585960,923,404
2023-11-16 18:20:09.0725750,20,182
2023-11-16 18:20:09.2939510,2665,84
2023-11-16 18:20:09.4515220,383,75
2023-11-16 18:20:09.4806990,1156,536
2023-11-16 18:20:09.6358300,1060,429
2023-11-16 18:20:09.9055380,181,190
2023-11-16 18:20:09.9215430,1030,411
2023-11-16 18:20:09.9240420,1009,397
2023-11-16 18:20:10.3562850,980,425
2023-11-16 18:20:10.7406490,1204,411
2023-11-16 18:20:10.8540370,402,97
2023-11-16 18:20:11.3285590,1199,373
2023-11-16 18:20:11.4490860,998,415
2023-11-16 18:20:11.6687750,415,131
2023-11-16 18:20:11.6892850,1156,390
2023-11-16 18:20:11.7245020,311,18
2023-11-16 18:20:11.7580830,1264,395
2023-11-16 18:20:11.8229010,1207,368
2023-11-16 18:20:11.9948160,373,75
2023-11-16 18:20:12.2217550,436,136
2023-11-16 18:20:12.7637560,1025,428
2023-11-16 18:20:13.0158630,2715,43
2023-11-16 18:20:13.0410260,439,161
2023-11-16 18:20:13.0814660,963,393
2023-11-16 18:20:13.3215410,1130,45
2023-11-16 18:20:13.3988360,1139,425
2023-11-16 18:20:13.6544370,383,56
2023-11-16 18:20:14.0216150,912,395
2023-11-16 18:20:14.3952280,206,179
2023-11-16 18:20:14.5998030,1179,498
2023-11-16 18:20:15.5944640,120,12
2023-11-16 18:20:15.6636870,311,18
2023-11-16 18:20:15.9225800,1989,88
2023-11-16 18:20:16.0814790,1086,390
2023-11-16 18:20:16.2435300,4079,142
2023-11-16 18:20:16.3843360,1219,388
2023-11-16 18:20:16.4649160,392,122
2023-11-16 18:20:16.6573140,1313,176
2023-11-16 18:20:16.9989710,1146,418
2023-11-16 18:20:17.2401910,4077,42
2023-11-16 18:20:17.3012480,1036,403
2023-11-16 18:20:17.6570840,1024,407
2023-11-16 18:20:18.0942140,1216,392
2023-11-16 18:20:18.2782860,790,111
2023-11-16 18:20:18.4631210,1474,94
2023-11-16 18:20:19.0525560,1733,66
2023-11-16 18:20:19.0864260,1227,383
2023-11-16 18:20:19.1294670,1233,423
2023-11-16 18:20:19.7592910,1031,397
2023-11-16 18:20:19.7729710,1049,395
2023-11-16 18:20:20.3239240,4100,48
2023-11-16 18:20:20.8038510,181,132
2023-11-16 18:20:20.8727030,983,373
2023-11-16 18:20:20.9549680,998,402
2023-11-16 18:20:21.1160500,406,81
2023-11-16 18:20:21.1418040,1130,402
2023-11-16 18:20:21.3505950,181,257
2023-11-16 18:20:21.9963040,1169,373
2023-11-16 18:20:22.0810210,1029,418
2023-11-16 18:20:22.1374950,923,399
2023-11-16 18:20:22.1391180,1144,395
2023-11-16 18:20:22.1744540,1134,379
2023-11-16 18:20:22.2685090,1151,407
2023-11-16 18:20:22.3457660,1183,429
2023-11-16 18:20:22.3538760,1017,386
2023-11-16 18:20:22.4502420,1203,421
2023-11-16 18:20:22.6661600,380,81
2023-11-16 18:20:23.1104110,1156,388
2023-11-16 18:20:23.2844960,1191,409
2023-11-16 18:20:23.5896140,1156,408
2023-11-16 18:20:23.6796730,1102,612
2023-11-16 18:20:23.7652080,1149,385
2023-11-16 18:20:23.8197090,1064,394
2023-11-16 18:20:24.1025660,1182,388
2023-11-16 18:20:24.3927920,981,400
2023-11-16 18:20:24.4753360,1339,69
2023-11-16 18:20:25.0644470,1033,406
2023-11-16 18:20:25.1693410,1112,431
2023-11-16 18:20:25.3916710,3411,64
2023-11-16 18:20:25.8361460,1051,382
2023-11-16 18:20:25.8672020,4138,84
2023-11-16 18:20:25.8720870,1010,397
2023-11-16 18:20:25.9262980,1115,413
2023-11-16 18:20:26.2578060,1025,407
2023-11-16 18:20:26.3237210,1143,393
2023-11-16 18:20:26.3603730,1226,379
2023-11-16 18:20:26.7886780,1024,419
2023-11-16 18:20:27.0382400,1136,418
2023-11-16 18:20:27.1132410,1083,399
2023-11-16 18:20:27.1650890,1989,83
2023-11-16 18:20:27.2208510,1046,438
2023-11-16 18:20:27.3435440,1025,375
2023-11-16 18:20:27.4263900,1317,192
2023-11-16 18:20:27.5489700,1083,407
2023-11-16 18:20:27.5539080,1036,538
2023-11-16 18:20:27.6894300,1035,398
2023-11-16 18:20:28.0849030,398,94
2023-11-16 18:20:28.2877120,1179,511
2023-11-16 18:20:28.4864800,1009,399
2023-11-16 18:20:28.5095770,1030,396
2023-11-16 18:20:28.5126140,403,94
2023-11-16 18:20:28.5569260,1003,372
2023-11-16 18:20:28.5860860,181,136
2023-11-16 18:20:28.7403270,1037,390
2023-11-16 18:20:28.9410330,1070,387
2023-11-16 18:20:28.9428280,1054,397
2023-11-16 18:20:29.1562380,1171,402
2023-11-16 18:20:29.2886670,1474,94
2023-11-16 18:20:29.8380930,1111,396
2023-11-16 18:20:29.8421000,983,373
2023-11-16 18:20:30.0676770,1150,389
2023-11-16 18:20:30.1415190,986,426
2023-11-16 18:20:30.2355240,1015,446
2023-11-16 18:20:30.4267780,1010,415
2023-11-16 18:20:30.7300090,1317,135
2023-11-16 18:20:30.7654750,1142,458
2023-11-16 18:20:30.7654820,1082,385
2023-11-16 18:20:30.8532550,4082,50
2023-11-16 18:20:31.6557520,1170,422
2023-11-16 18:20:31.6667040,1785,91
2023-11-16 18:20:31.7149760,1896,68
2023-11-16 18:20:32.3477860,1312,157
2023-11-16 18:20:32.6490870,1039,397
2023-11-16 18:20:32.6564630,1172,402
2023-11-16 18:20:32.6733710,2275,99
2023-11-16 18:20:33.3765070,995,452
2023-11-16 18:20:33.3778690,1020,400
2023-11-16 18:20:33.4034490,1140,404
2023-11-16 18:20:33.4492620,1088,421
2023-11-16 18:20:33.5123770,998,399
2023-11-16 18:20:33.5451830,420,112
2023-11-16 18:20:33.6786260,1171,402
2023-11-16 18:20:34.0320230,4087,103
2023-11-16 18:20:34.1528190,1189,415
2023-11-16 18:20:34.2763400,1119,395
2023-11-16 18:20:34.2816730,1076,51
2023-11-16 18:20:34.3760780,1191,409
2023-11-16 18:20:34.7028270,1009,396
2023-11-16 18:20:34.7920960,1054,411
2023-11-16 18:20:35.6481960,1323,205
2023-11-16 18:20:35.7195730,1046,399
2023-11-16 18:20:36.8977680,1896,68
2023-11-16 18:20:37.0169540,402,87
2023-11-16 18:20:37.2004150,998,387
2023-11-16 18:20:37.2915950,1170,394
2023-11-16 18:20:37.3238910,3243,116
2023-11-16 18:20:37.3579310,375,67
2023-11-16 18:20:37.4172260,981,401
2023-11-16 18:20:38.0756240,373,56
2023-11-16 18:20:38.2529530,1015,414
2023-11-16 18:20:38.4700320,1082,385
2023-11-16 18:20:38.5737790,1140,401
2023-11-16 18:20:38.8660090,1015,572
2023-11-16 18:20:38.8874490,991,414
2023-11-16 18:20:39.4153060,1227,420
2023-11-16 18:20:39.6844110,1024,429
2023-11-16 18:20:39.7855750,1149,423
2023-11-16 18:20:40.0425810,2227,82
2023-11-16 18:20:40.2655980,1063,428
2023-11-16 18:20:40.2906900,1059,525
2023-11-16 18:20:40.3899500,1085,442
2023-11-16 18:20:40.4640570,1023,446
2023-11-16 18:20:40.9572200,4079,58
2023-11-16 18:20:40.9793200,1282,66
2023-11-16 18:20:41.3400880,421,77
2023-11-16 18:20:41.4743000,1144,498
2023-11-16 18:20:41.4875120,373,72
2023-11-16 18:20:41.5263150,324,18
2023-11-16 18:20:41.5930450,1072,415
2023-11-16 18:20:41.7075220,1136,500
2023-11-16 18:20:42.0772050,1141,411
2023-11-16 18:20:42.5051510,1012,416
2023-11-16 18:20:42.7545860,405,90
2023-11-16 18:20:43.1211700,1035,398
2023-11-16 18:20:43.3275070,1057,439
2023-11-16 18:20:43.4277250,391,90
2023-11-16 18:20:43.4727490,1094,376
2023-11-16 18:20:43.5682400,1050,438
2023-11-16 18:20:43.6674270,1148,614
2023-11-16 18:20:43.9790860,1142,361
2023-11-16 18:20:44.2751960,1106,434
2023-11-16 18:20:44.4960880,2492,39
2023-11-16 18:20:44.6185650,1226,407
2023-11-16 18:20:44.6204220,958,554
2023-11-16 18:20:44.7324730,1082,391
2023-11-16 18:20:44.7369840,245,14
2023-11-16 18:20:45.1763390,1018,390
2023-11-16 18:20:45.4501880,395,85
2023-11-16 18:20:45.7775570,435,114
2023-11-16 18:20:46.0299830,379,81
2023-11-16 18:20:46.3386010,1099,410
2023-11-16 18:20:46.5087130,1339,72
2023-11-16 18:20:46.5646040,1317,235
2023-11-16 18:20:46.8440170,1017,537
2023-11-16 18:20:46.8616090,1139,674
2023-11-16 18:20:47.1198580,1033,427
2023-11-16 18:20:47.1702840,1009,397
2023-11-16 18:20:47.6477820,1020,400
2023-11-16 18:20:47.6482630,1008,395
2023-11-16 18:20:47.6614410,1046,418
2023-11-16 18:20:48.0267190,1054,419
2023-11-16 18:20:48.0386720,1202,411
2023-11-16 18:20:48.7195220,1102,396
2023-11-16 18:20:48.8361180,1139,429
2023-11-16 18:20:48.9252620,1785,137
2023-11-16 18:20:49.4255140,1075,516
2023-11-16 18:20:49.4270620,1179,511
2023-11-16 18:20:49.4923780,1065,439
2023-11-16 18:20:49.6952900,1230,413
2023-11-16 18:20:49.9164220,1314,164
2023-11-16 18:20:49.9588990,1029,71
2023-11-16 18:20:50.0714790,4073,36
2023-11-16 18:20:50.2064450,1051,420
2023-11-16 18:20:50.7070060,990,559
2023-11-16 18:20:50.7969260,1136,375
2023-11-16 18:20:50.9103440,1315,183
2023-11-16 18:20:50.9466450,4081,41
2023-11-16 18:20:51.0286110,1139,418
2023-11-16 18:20:51.3829570,1139,428
2023-11-16 18:20:51.5072090,1180,414
2023-11-16 18:20:51.7270790,1034,519
2023-11-16 18:20:51.8253150,1166,401
2023-11-16 18:20:51.8844910,181,246
2023-11-16 18:20:51.8999900,4086,53
2023-11-16 18:20:51.9668570,396,136
2023-11-16 18:20:52.1312750,1314,243
2023-11-16 18:20:52.6387480,1176,548
2023-11-16 18:20:52.7873140,1085,409
2023-11-16 18:20:52.8072430,1282,66
2023-11-16 18:20:53.2022550,1148,501
2023-11-16 18:20:53.3404130,390,96
2023-11-16 18:20:53.4535640,1756,111
2023-11-16 18:20:53.8674870,1025,591
2023-11-16 18:20:54.1721120,1136,429
2023-11-16 18:20:54.3053640,4083,37
2023-11-16 18:20:54.5818130,1024,402
2023-11-16 18:20:54.7913510,1209,522
2023-11-16 18:20:54.7926920,1057,394
2023-11-16 18:20:54.8040140,1314,202
2023-11-16 18:20:54.8298700,4075,53
2023-11-16 18:20:54.8306710,969,554
2023-11-16 18:20:55.0576240,505,92
2023-11-16 18:20:55.1081440,403,91
2023-11-16 18:20:55.1870340,1062,509
2023-11-16 18:20:55.2564780,692,109
2023-11-16 18:20:55.6821210,1061,448
2023-11-16 18:20:55.9863710,1041,385
2023-11-16 18:20:56.2090740,955,602
2023-11-16 18:20:56.4433020,857,117
2023-11-16 18:20:56.7101550,7930,49
2023-11-16 18:20:57.5215810,1036,394
2023-11-16 18:20:57.5919790,385,88
2023-11-16 18:20:57.9351490,1313,148
2023-11-16 18:20:58.0138470,1035,395
2023-11-16 18:20:58.1640530,4076,39
2023-11-16 18:20:58.1745120,1171,380
2023-11-16 18:20:58.3151580,1314,218
2023-11-16 18:20:58.3513530,1003,376
2023-11-16 18:20:58.3785900,1013,439
2023-11-16 18:20:58.4466360,1129,526
2023-11-16 18:20:59.1404500,986,441
2023-11-16 18:20:59.2259980,1028,366
2023-11-16 18:20:59.2779780,3287,47
2023-11-16 18:20:59.3628150,1160,400
2023-11-16 18:20:59.5972010,1160,639
2023-11-16 18:20:59.9551140,3243,82
2023-11-16 18:21:00.2327220,1036,650
2023-11-16 18:21:00.2589770,1007,441
2023-11-16 18:21:00.7612140,1154,482
2023-11-16 18:21:00.7866980,1039,385
2023-11-16 18:21:00.8084490,1082,538
2023-11-16 18:21:00.9122750,1144,404
2023-11-16 18:21:00.9501390,979,622
2023-11-16 18:21:01.3612680,181,147
2023-11-16 18:21:01.9339290,1232,80
2023-11-16 18:21:01.9545400,1126,446
2023-11-16 18:21:02.0820640,1024,385
2023-11-16 18:21:03.4258130,917,33
2023-11-16 18:21:03.6498590,1226,393
2023-11-16 18:21:03.7917430,1171,401
2023-11-16 18:21:04.0785780,1032,502
2023-11-16 18:21:04.1461660,434,124
2023-11-16 18:21:04.1751240,311,18
2023-11-16 18:21:04.4338600,1133,92
2023-11-16 18:21:04.6170320,401,130
2023-11-16 18:21:04.7189040,376,81
2023-11-16 18:21:05.6877620,1176,383
2023-11-16 18:21:05.8827500,1029,71
2023-11-16 18:21:06.0229850,1312,132
2023-11-16 18:21:06.1918960,372,63
2023-11-16 18:21:06.2236120,1203,385
2023-11-16 18:21:06.7136110,1015,596
2023-11-16 18:21:06.7155740,1018,388
2023-11-16 18:21:06.7425320,1045,605
2023-11-16 18:21:06.8213350,1112,431
2023-11-16 18:21:06.9551160,237,79
2023-11-16 18:21:06.9856260,1162,427
2023-11-16 18:21:07.4152720,1076,377
2023-11-16 18:21:07.6251830,1199,534
2023-11-16 18:21:07.7083100,28,265
2023-11-16 18:21:07.7208210,1052,412
2023-11-16 18:21:07.7971620,1180,880
2023-11-16 18:21:08.0789880,1083,407
2023-11-16 18:21:08.1850440,1785,137
2023-11-16 18:21:08.2356870,1053,394
2023-11-16 18:21:08.2916400,243,14
2023-11-16 18:21:08.3696560,1028,374
2023-11-16 18:21:08.4012740,1101,411
2023-11-16 18:21:08.6935260,2199,59
2023-11-16 18:21:08.7246900,1179,921
2023-11-16 18:21:09.3045690,1005,394
2023-11-16 18:21:09.5862320,1151,404
2023-11-16 18:21:09.8240760,181,167
2023-11-16 18:21:09.9113280,1149,379
2023-11-16 18:21:10.1602040,4083,124
2023-11-16 18:21:11.6890450,1070,428
2023-11-16 18:21:11.7787920,992,97
2023-11-16 18:21:12.0594910,1035,616
2023-11-16 18:21:12.4963160,912,395
2023-11-16 18:21:13.0829600,1353,234
2023-11-16 18:21:13.1416960,388,88
2023-11-16 18:21:13.2606720,1044,394
2023-11-16 18:21:13.2918190,997,393
2023-11-16 18:21:13.3291770,1109,488
2023-11-16 18:21:13.4246540,1311,159
2023-11-16 18:21:13.7259440,1025,589
2023-11-16 18:21:14.1740530,1232,80
2023-11-16 18:21:14.2541470,1106,399
2023-11-16 18:21:14.6575140,1060,396
2023-11-16 18:21:14.7318970,398,46
2023-11-16 18:21:14.7773190,1786,67
2023-11-16 18:21:14.9285230,119,12
2023-11-16 18:21:14.9515400,247,14
2023-11-16 18:21:15.1046240,1013,386
2023-11-16 18:21:15.4187500,407,88
2023-11-16 18:21:15.5600700,2220,43
2023-11-16 18:21:15.8575330,1030,375
2023-11-16 18:21:15.8802820,1035,391
2023-11-16 18:21:16.1178250,385,67
2023-11-16 18:21:16.9542100,380,97
2023-11-16 18:21:17.0336590,1046,393
2023-11-16 18:21:17.3270040,1036,390
2023-11-16 18:21:17.4431230,985,552
2023-11-16 18:21:18.2790290,1054,397
2023-11-16 18:21:19.1165990,181,126
2023-11-16 18:21:19.4711020,2648,77
2023-11-16 18:21:20.1167970,1089,412
2023-11-16 18:21:20.2563560,405,89
2023-11-16 18:21:20.3639300,1097,393
2023-11-16 18:21:20.7335500,1168,436
2023-11-16 18:21:21.0390000,333,18
2023-11-16 18:21:21.1661140,1053,415
2023-11-16 18:21:21.4085020,396,107
2023-11-16 18:21:22.4777110,986,448
2023-11-16 18:21:22.6578820,1315,198
2023-11-16 18:21:22.7360520,407,83
2023-11-16 18:21:22.7849160,4085,54
2023-11-16 18:21:22.8495610,1032,398
2023-11-16 18:21:22.9585170,1064,396
2023-11-16 18:21:23.0643940,1044,450
2023-11-16 18:21:23.1397060,1214,406
2023-11-16 18:21:23.2127770,3021,135
2023-11-16 18:21:23.4534500,1033,406
2023-11-16 18:21:23.4740160,42,154
2023-11-16 18:21:23.5480280,1025,401
2023-11-16 18:21:24.0266850,4082,400
2023-11-16 18:21:24.1487040,1019,52
2023-11-16 18:21:24.2055860,450,107
2023-11-16 18:21:24.3749400,181,263
2023-11-16 18:21:24.4459000,1025,441
2023-11-16 18:21:24.6819100,1201,401
2023-11-16 18:21:25.3552150,1021,398
2023-11-16 18:21:25.8331130,417,117
2023-11-16 18:21:26.0684200,1182,396
2023-11-16 18:21:26.4090240,1027,569
2023-11-16 18:21:26.6180260,1351,140
2023-11-16 18:21:27.2659380,409,95
2023-11-16 18:21:27.5365300,2584,145
2023-11-16 18:21:27.8752760,1009,411
2023-11-16 18:21:27.9223170,4073,38
2023-11-16 18:21:28.0216720,1109,377
2023-11-16 18:21:28.4308400,1155,75
2023-11-16 18:21:28.8247140,1066,379
2023-11-16 18:21:28.8600590,431,94
2023-11-16 18:21:28.9213780,1201,391
2023-11-16 18:21:28.9357520,387,95
2023-11-16 18:21:28.9487600,1003,394
2023-11-16 18:21:29.2884940,1033,396
2023-11-16 18:21:29.4807730,1018,388
2023-11-16 18:21:29.5661320,1436,66
2023-11-16 18:21:29.6023940,3021,135
2023-11-16 18:21:29.7386180,983,373
2023-11-16 18:21:30.0689450,1312,283
2023-11-16 18:21:30.4908160,1082,406
2023-11-16 18:21:30.5810720,998,447
2023-11-16 18:21:30.6394910,1316,168
2023-11-16 18:21:31.0198200,1314,231
2023-11-16 18:21:31.6217590,1046,438
2023-11-16 18:21:31.6457670,1023,388
2023-11-16 18:21:31.7385650,1227,652
2023-11-16 18:21:31.8320510,1019,394
2023-11-16 18:21:32.0364200,936,432
2023-11-16 18:21:32.2319680,4097,43
2023-11-16 18:21:32.4202830,46,138
2023-11-16 18:21:33.0642830,404,83
2023-11-16 18:21:33.1397610,1059,388
2023-11-16 18:21:33.8059800,12,139
2023-11-16 18:21:33.9056040,1044,471
2023-11-16 18:21:34.3186290,1134,379
2023-11-16 18:21:34.3590140,379,65
2023-11-16 18:21:34.3750790,429,115
2023-11-16 18:21:34.4195610,1159,397
2023-11-16 18:21:34.5171240,1223,444
2023-11-16 18:21:34.6078000,1093,432
2023-11-16 18:21:34.8565420,1009,397
2023-11-16 18:21:34.9294270,380,58
2023-11-16 18:21:35.4037260,3585,125
2023-11-16 18:21:35.4876560,1786,67
2023-11-16 18:21:35.5549790,1102,427
2023-11-16 18:21:35.9091530,1183,429
2023-11-16 18:21:36.0086040,1086,393
2023-11-16 18:21:36.0583750,1038,398
2023-11-16 18:21:36.4200720,1059,397
2023-11-16 18:21:36.4232490,1004,419
2023-11-16 18:21:36.9981590,371,53
2023-11-16 18:21:37.5430950,396,131
2023-11-16 18:21:37.6611850,4092,44
2023-11-16 18:21:37.9163060,1189,399
2023-11-16 18:21:38.1494930,1083,403
2023-11-16 18:21:38.2041260,1152,437
2023-11-16 18:21:38.2506080,1063,386
2023-11-16 18:21:38.2726110,1108,622
2023-11-16 18:21:38.6922770,1017,398
2023-11-16 18:21:38.8603190,1120,375
2023-11-16 18:21:39.5411210,1060,365
2023-11-16 18:21:39.6631090,1009,399
2023-11-16 18:21:39.6978710,1053,414
2023-11-16 18:21:39.8101620,304,18
2023-11-16 18:21:39.9821930,1097,418
2023-11-16 18:21:40.0493350,1018,476
2023-11-16 18:21:40.1227290,1143,70
2023-11-16 18:21:41.0576040,991,108
2023-11-16 18:21:41.1512740,1155,75
2023-11-16 18:21:41.4759280,1143,429
2023-11-16 18:21:41.6962930,1068,401
2023-11-16 18:21:41.7679010,1036,619
2023-11-16 18:21:42.0283390,1032,447
2023-11-16 18:21:42.0689400,4077,42
2023-11-16 18:21:42.3633850,1015,399
2023-11-16 18:21:42.4784370,1312,175
2023-11-16 18:21:42.5744090,685,120
2023-11-16 18:21:42.7239880,398,98
2023-11-16 18:21:43.3907010,1173,385
2023-11-16 18:21:43.6048310,1073,454
2023-11-16 18:21:43.6725090,2042,56
2023-11-16 18:21:43.7171550,1061,408
2023-11-16 18:21:44.0422810,17,120
2023-11-16 18:21:44.7748240,1316,170
2023-11-16 18:21:44.7886660,439,98
2023-11-16 18:21:44.9644350,390,155
2023-11-16 18:21:45.1225590,1023,406
2023-11-16 18:21:45.1755280,1029,519
2023-11-16 18:21:45.2259250,404,144
2023-11-16 18:21:45.8522360,1124,408
2023-11-16 18:21:46.4109350,1044,413
2023-11-16 18:21:46.4757790,1022,390
2023-11-16 18:21:46.7125260,393,113
2023-11-16 18:21:46.7306420,406,82
2023-11-16 18:21:46.8177060,1102,408
2023-11-16 18:21:46.8311190,238,14
2023-11-16 18:21:47.2609820,1146,396
2023-11-16 18:21:47.3240970,4090,61
2023-11-16 18:21:47.6418720,1048,396
2023-11-16 18:21:47.6649780,1040,414
2023-11-16 18:21:47.7427830,4076,48
2023-11-16 18:21:47.9851000,750,44
2023-11-16 18:21:48.0685000,2279,85
2023-11-16 18:21:48.4247900,1037,373
2023-11-16 18:21:48.5144000,1156,390
2023-11-16 18:21:48.6395630,4721,59
2023-11-16 18:21:48.8984800,1034,479
2023-11-16 18:21:49.1154070,430,90
2023-11-16 18:21:49.5150300,1044,35
2023-11-16 18:21:49.7247040,1009,415
2023-11-16 18:21:49.8804700,1026,400
2023-11-16 18:21:49.9186680,1089,465
2023-11-16 18:21:50.7129840,62,152
2023-11-16 18:21:51.0242420,382,53
2023-11-16 18:21:51.0475490,998,373
2023-11-16 18:21:51.9821630,936,431
2023-11-16 18:21:52.4748750,2374,116
2023-11-16 18:21:53.1404030,1150,404
2023-11-16 18:21:53.2751260,1099,410
2023-11-16 18:21:53.6990870,7,136
2023-11-16 18:21:53.7591410,4078,42
2023-11-16 18:21:53.7692930,1033,411
2023-11-16 18:21:53.8244880,1071,415
2023-11-16 18:21:54.0244690,1099,414
2023-11-16 18:21:54.1792790,238,14
2023-11-16 18:21:54.4149180,685,137
2023-11-16 18:21:54.5144390,1020,502
2023-11-16 18:21:54.6209050,1315,144
2023-11-16 18:21:55.0433960,4083,42
2023-11-16 18:21:55.5993600,9,166
2023-11-16 18:21:55.7241550,421,93
2023-11-16 18:21:55.8543990,1200,526
2023-11-16 18:21:55.9155010,2584,113
2023-11-16 18:21:56.0870920,394,91
2023-11-16 18:21:56.6640540,1628,48
2023-11-16 18:21:56.7166980,1046,442
2023-11-16 18:21:56.7187210,383,84
2023-11-16 18:21:56.8535400,376,65
2023-11-16 18:21:56.9119140,4132,60
2023-11-16 18:21:56.9470230,379,87
2023-11-16 18:21:57.0828480,1046,395
2023-11-16 18:21:57.2575690,1173,420
2023-11-16 18:21:57.3308110,1351,186
2023-11-16 18:21:57.4983600,243,14
2023-11-16 18:21:57.7216540,410,100
2023-11-16 18:21:58.7329520,387,52
2023-11-16 18:21:58.9593680,1034,429
2023-11-16 18:21:59.8110950,1162,411
2023-11-16 18:22:00.1499240,1121,506
2023-11-16 18:22:01.2247160,331,18
2023-11-16 18:22:01.3078520,1081,388
2023-11-16 18:22:01.4016850,4093,68
2023-11-16 18:22:01.4787080,30,182
2023-11-16 18:22:01.4946220,2525,81
2023-11-16 18:22:01.9192480,4484,64
2023-11-16 18:22:02.3677370,1073,408
2023-11-16 18:22:02.9608220,1191,407
2023-11-16 18:22:03.0225160,1094,362
2023-11-16 18:22:03.3813350,459,562
2023-11-16 18:22:03.4321990,985,426
2023-11-16 18:22:03.4819190,6445,51
2023-11-16 18:22:03.5785120,395,87
2023-11-16 18:22:03.7731430,1070,392
2023-11-16 18:22:04.0066480,1786,50
2023-11-16 18:22:04.0431120,1081,414
2023-11-16 18:22:04.2061290,1130,459
2023-11-16 18:22:04.6802690,1320,192
2023-11-16 18:22:04.7619860,1023,377
2023-11-16 18:22:04.8485110,2374,120
2023-11-16 18:22:04.8964890,4086,47
2023-11-16 18:22:05.1531420,238,14
2023-11-16 18:22:05.5874400,1314,137
2023-11-16 18:22:05.6713260,1072,398
2023-11-16 18:22:05.7784960,394,89
2023-11-16 18:22:06.2109630,373,60
2023-11-16 18:22:06.4663830,375,66
2023-11-16 18:22:06.6660900,1142,491
2023-11-16 18:22:06.7131290,395,116
2023-11-16 18:22:06.9283250,1044,394
2023-11-16 18:22:07.2431530,1021,398
2023-11-16 18:22:07.2440490,406,91
2023-11-16 18:22:07.3408030,996,446
2023-11-16 18:22:07.6064820,1010,635
2023-11-16 18:22:07.8184540,1156,424
2023-11-16 18:22:08.2284040,1115,413
2023-11-16 18:22:08.2728520,1116,401
2023-11-16 18:22:08.2854120,1045,390
2023-11-16 18:22:08.4831570,1529,56
2023-11-16 18:22:08.6434050,1163,386
2023-11-16 18:22:09.3209570,440,117
2023-11-16 18:22:09.4725800,457,98
2023-11-16 18:22:09.4747810,4083,53
2023-11-16 18:22:09.5212030,1313,135
2023-11-16 18:22:09.5653690,1044,368
2023-11-16 18:22:10.3725080,1170,939
2023-11-16 18:22:10.4096610,1038,396
2023-11-16 18:22:10.4907270,2001,74
2023-11-16 18:22:10.7281880,392,103
2023-11-16 18:22:11.0368370,966,403
2023-11-16 18:22:11.6319550,120,12
2023-11-16 18:22:12.1626630,1201,402
2023-11-16 18:22:12.2061000,1152,400
2023-11-16 18:22:12.7097910,238,14
2023-11-16 18:22:13.3755900,997,393
2023-11-16 18:22:13.4073060,1025,394
2023-11-16 18:22:13.5211610,1121,440
2023-11-16 18:22:13.6809880,1312,141
2023-11-16 18:22:13.7558050,403,113
2023-11-16 18:22:14.1551600,1036,388
2023-11-16 18:22:14.5398580,385,80
2023-11-16 18:22:14.6726030,444,101
2023-11-16 18:22:14.7203080,1012,461
2023-11-16 18:22:14.7777220,1036,590
2023-11-16 18:22:14.8139190,1036,375
2023-11-16 18:22:15.1904740,380,61
2023-11-16 18:22:15.3388390,378,56
2023-11-16 18:22:15.6378960,1052,378
2023-11-16 18:22:15.6854920,1039,417
2023-11-16 18:22:15.7577900,1097,409
2023-11-16 18:22:15.9158980,1052,373
2023-11-16 18:22:16.1750060,1036,397
2023-11-16 18:22:16.2755220,376,74
2023-11-16 18:22:16.6209760,1043,397
2023-11-16 18:22:16.7167270,1020,445
2023-11-16 18:22:16.7939590,1105,429
2023-11-16 18:22:16.9753460,1095,420
2023-11-16 18:22:17.2489240,1033,403
2023-11-16 18:22:17.4149690,1063,93
2023-11-16 18:22:17.7391090,981,402
2023-11-16 18:22:17.7725050,999,411
2023-11-16 18:22:17.8697370,1010,401
2023-11-16 18:22:18.0876560,1018,396
2023-11-16 18:22:18.6877490,1145,374
2023-11-16 18:22:18.7206710,1059,477
2023-11-16 18:22:18.8186820,1080,395
2023-11-16 18:22:19.3573520,4072,56
2023-11-16 18:22:19.4451860,1321,182
2023-11-16 18:22:19.4977640,1035,400
2023-11-16 18:22:19.4981210,1004,394
2023-11-16 18:22:20.2099730,1165,421
2023-11-16 18:22:20.2927550,2637,140
2023-11-16 18:22:20.3233050,1108,459
2023-11-16 18:22:21.0111260,978,391
2023-11-16 18:22:21.0125910,414,137
2023-11-16 18:22:21.1515480,400,103
2023-11-16 18:22:21.2145570,998,396
2023-11-16 18:22:21.3045720,1045,393
2023-11-16 18:22:21.8053450,4086,41
2023-11-16 18:22:22.0514390,1002,407
2023-11-16 18:22:22.0522030,874,150
2023-11-16 18:22:22.1286590,1060,415
2023-11-16 18:22:22.3474740,399,92
2023-11-16 18:22:22.3611800,2584,161
2023-11-16 18:22:22.3898920,4088,37
2023-11-16 18:22:22.4541160,1219,429
2023-11-16 18:22:22.6154830,4090,83
2023-11-16 18:22:22.6900940,1100,371
2023-11-16 18:22:23.0701330,1064,418
2023-11-16 18:22:23.2779720,1064,414
2023-11-16 18:22:23.5352340,4085,41
2023-11-16 18:22:24.0619610,1003,418
2023-11-16 18:22:24.5003230,1204,437
2023-11-16 18:22:24.5528590,1656,82
2023-11-16 18:22:24.5733480,1179,445
2023-11-16 18:22:24.6825000,1146,440
2023-11-16 18:22:24.7242500,420,80
2023-11-16 18:22:24.9180970,1136,518
2023-11-16 18:22:25.6898520,402,95
2023-11-16 18:22:25.8926230,18,128
2023-11-16 18:22:25.9960470,2637,102
2023-11-16 18:22:26.2856140,12,231
2023-11-16 18:22:26.2872120,1271,423
2023-11-16 18:22:26.5240650,434,77
2023-11-16 18:22:26.7781870,1050,362
2023-11-16 18:22:26.9021180,1069,410
2023-11-16 18:22:27.1616480,242,14
2023-11-16 18:22:27.2800080,2584,154
2023-11-16 18:22:27.2994480,1116,451
2023-11-16 18:22:27.4416440,998,411
2023-11-16 18:22:27.6567950,1103,393
2023-11-16 18:22:27.7521060,4074,83
2023-11-16 18:22:28.2670850,1163,418
2023-11-16 18:22:28.5199580,1065,474
2023-11-16 18:22:28.7582970,1063,93
2023-11-16 18:22:29.1198320,398,95
2023-11-16 18:22:29.2808380,874,169
2023-11-16 18:22:29.3559720,1056,417
2023-11-16 18:22:29.4663290,1116,79
2023-11-16 18:22:29.6068370,1044,396
2023-11-16 18:22:29.7514070,2221,212
2023-11-16 18:22:29.8263380,1075,466
2023-11-16 18:22:29.8770920,4086,35
2023-11-16 18:22:30.1845550,401,89
2023-11-16 18:22:30.5505320,1044,524
2023-11-16 18:22:30.6805700,1312,157
2023-11-16 18:22:31.4826760,1039,398
2023-11-16 18:22:31.9986720,1027,390
2023-11-16 18:22:32.0857260,395,93
2023-11-16 18:22:32.1450710,1133,423
2023-11-16 18:22:32.3398030,1156,565
2023-11-16 18:22:32.4586320,1082,522
2023-11-16 18:22:32.8295180,1126,375
2023-11-16 18:22:32.9261530,1314,210
2023-11-16 18:22:32.9580760,1062,373
2023-11-16 18:22:32.9859470,238,14
2023-11-16 18:22:33.3166610,1313,181
2023-11-16 18:22:33.4423160,1200,406
2023-11-16 18:22:33.4468410,4086,63
2023-11-16 18:22:33.6369430,413,137
2023-11-16 18:22:33.8434340,1054,374
2023-11-16 18:22:34.1075090,1059,622
2023-11-16 18:22:34.1587600,1050,411
2023-11-16 18:22:34.4289240,1069,419
2023-11-16 18:22:34.5544330,1085,426
2023-11-16 18:22:34.6926000,1012,434
2023-11-16 18:22:34.8524000,1537,51
2023-11-16 18:22:35.3433490,401,80
2023-11-16 18:22:35.3549180,1158,589
2023-11-16 18:22:35.5950510,1028,396
2023-11-16 18:22:35.6062920,369,57
2023-11-16 18:22:35.7669450,1133,507
2023-11-16 18:22:36.0809140,1010,485
2023-11-16 18:22:37.0950650,4091,44
2023-11-16 18:22:37.2080090,1066,465
2023-11-16 18:22:37.2747220,1036,422
2023-11-16 18:22:37.5124100,977,407
2023-11-16 18:22:37.6454580,1097,411
2023-11-16 18:22:37.6657380,396,88
2023-11-16 18:22:38.4547770,1096,514
2023-11-16 18:22:39.0711380,2006,77
2023-11-16 18:22:39.4550310,4091,78
2023-11-16 18:22:40.0020540,1052,667
2023-11-16 18:22:40.0886120,1082,428
2023-11-16 18:22:40.4999550,1073,378
2023-11-16 18:22:40.5081420,11,141
2023-11-16 18:22:40.6325580,4091,46
2023-11-16 18:22:40.6522040,1093,396
2023-11-16 18:22:40.6840230,1014,392
2023-11-16 18:22:40.7293640,1085,375
2023-11-16 18:22:40.8584120,4076,27
2023-11-16 18:22:41.0315880,1174,411
2023-11-16 18:22:41.4267970,1094,378
2023-11-16 18:22:41.6827940,1086,410
2023-11-16 18:22:41.9249590,987,413
2023-11-16 18:22:42.7785980,1088,363
2023-11-16 18:22:43.3784010,1102,523
2023-11-16 18:22:43.4569570,1029,401
2023-11-16 18:22:43.8143400,981,381
2023-11-16 18:22:43.9147210,1029,405
2023-11-16 18:22:44.0013280,374,91
2023-11-16 18:22:44.0072500,2675,97
2023-11-16 18:22:44.1722800,1023,415
2023-11-16 18:22:44.4089150,956,59
2023-11-16 18:22:44.6965590,1057,388
2023-11-16 18:22:44.7669840,1053,385
2023-11-16 18:22:45.4271050,1041,395
2023-11-16 18:22:45.7542090,4106,99
2023-11-16 18:22:46.3096180,1146,401
2023-11-16 18:22:46.4716990,1038,401
2023-11-16 18:22:46.6050750,1051,440
2023-11-16 18:22:46.6995000,15,134
2023-11-16 18:22:46.8812830,1006,394
2023-11-16 18:22:47.2197940,424,102
2023-11-16 18:22:47.4433180,1029,415
2023-11-16 18:22:47.4837710,1006,488
2023-11-16 18:22:47.9943080,1005,386
2023-11-16 18:22:48.4592060,404,96
2023-11-16 18:22:48.7607320,1147,509
2023-11-16 18:22:48.8533540,1314,138
2023-11-16 18:22:49.0656570,1008,408
2023-11-16 18:22:49.5273170,397,93
2023-11-16 18:22:49.6685440,1027,450
2023-11-16 18:22:49.8647860,2312,107
2023-11-16 18:22:50.9400470,424,96
2023-11-16 18:22:51.2853360,2739,97
2023-11-16 18:22:51.3463420,1042,424
2023-11-16 18:22:51.6313050,2675,84
2023-11-16 18:22:51.8865910,1094,385
2023-11-16 18:22:52.1798350,415,93
2023-11-16 18:22:52.2397350,1096,411
2023-11-16 18:22:52.4397450,398,127
2023-11-16 18:22:52.6216990,1052,564
2023-11-16 18:22:52.8065900,1089,394
2023-11-16 18:22:52.9137580,1160,443
2023-11-16 18:22:53.1195580,1786,50
2023-11-16 18:22:53.4208500,1090,558
2023-11-16 18:22:53.6259980,1317,180
2023-11-16 18:22:53.9727570,1179,511
2023-11-16 18:22:54.2534570,1116,368
2023-11-16 18:22:54.3319920,388,55
2023-11-16 18:22:54.9115970,4081,53
2023-11-16 18:22:54.9253040,887,112
2023-11-16 18:22:54.9514780,1020,385
2023-11-16 18:22:55.3964280,1313,135
2023-11-16 18:22:55.4616210,1055,395
2023-11-16 18:22:55.5072250,1130,391
2023-11-16 18:22:56.0410500,1062,398
2023-11-16 18:22:56.4107750,1070,411
2023-11-16 18:22:56.5295260,238,14
2023-11-16 18:22:56.6069030,1060,468
2023-11-16 18:22:56.9948010,1026,379
2023-11-16 18:22:57.0651600,1073,385
2023-11-16 18:22:57.0665850,1325,198
2023-11-16 18:22:57.1477020,387,58
2023-11-16 18:22:57.1897860,438,93
2023-11-16 18:22:57.3145070,406,86
2023-11-16 18:22:57.5458940,388,93
2023-11-16 18:22:58.4146240,398,107
2023-11-16 18:22:58.9851840,22,131
2023-11-16 18:22:59.3078020,417,110
2023-11-16 18:22:59.4250900,1052,400
2023-11-16 18:22:59.4814290,1069,388
2023-11-16 18:22:59.6075950,1019,427
2023-11-16 18:22:59.6412740,1222,396
2023-11-16 18:22:59.6519460,902,29
2023-11-16 18:23:00.0347790,1051,440
2023-11-16 18:23:00.0597880,2006,175
2023-11-16 18:23:00.0896680,1135,388
2023-11-16 18:23:00.5219540,1349,172
2023-11-16 18:23:01.1394050,1147,525
2023-11-16 18:23:01.3507440,1095,387
2023-11-16 18:23:01.6975130,1158,383
2023-11-16 18:23:02.2336300,1090,414
2023-11-16 18:23:02.5568480,396,99
2023-11-16 18:23:02.9493880,1091,397
2023-11-16 18:23:03.2397310,1083,430
2023-11-16 18:23:04.3719380,2312,107
2023-11-16 18:23:04.3983650,1136,396
2023-11-16 18:23:04.5447880,1001,375
2023-11-16 18:23:04.7038530,50,154
2023-11-16 18:23:04.7496860,1056,499
2023-11-16 18:23:04.9242510,1084,534
2023-11-16 18:23:05.3372210,1062,416
2023-11-16 18:23:05.3639980,773,41
2023-11-16 18:23:05.5161640,1070,373
2023-11-16 18:23:05.7246530,1085,407
2023-11-16 18:23:05.9630100,388,75
2023-11-16 18:23:06.3546250,383,80
2023-11-16 18:23:06.4626410,1027,660
2023-11-16 18:23:06.5486620,414,102
2023-11-16 18:23:06.7861330,1164,444
2023-11-16 18:23:07.0158510,1069,430
2023-11-16 18:23:07.2063100,1136,396
2023-11-16 18:23:07.5806880,1951,67
2023-11-16 18:23:07.6749290,2739,111
2023-11-16 18:23:07.7782740,1044,527
2023-11-16 18:23:07.8802200,1094,575
2023-11-16 18:23:07.9158190,1086,446
2023-11-16 18:23:08.7657100,991,394
2023-11-16 18:23:09.2794070,383,59
2023-11-16 18:23:10.0941710,976,388
2023-11-16 18:23:10.3680300,1158,400
2023-11-16 18:23:10.4504910,2584,148
2023-11-16 18:23:10.4894600,1089,1000
2023-11-16 18:23:10.4953070,1031,388
2023-11-16 18:23:11.1188080,1134,394
2023-11-16 18:23:11.1990930,1314,227
2023-11-16 18:23:11.2678410,400,90
2023-11-16 18:23:11.4207270,1025,604
2023-11-16 18:23:11.5165740,1052,415
2023-11-16 18:23:11.8924110,1020,420
2023-11-16 18:23:11.8994390,410,99
2023-11-16 18:23:12.0405010,998,385
2023-11-16 18:23:12.1535890,1120,419
2023-11-16 18:23:12.2827830,1112,394
2023-11-16 18:23:12.3388620,973,565
2023-11-16 18:23:12.3707890,1351,148
2023-11-16 18:23:12.4770400,2596,50
2023-11-16 18:23:12.7229600,16,163
2023-11-16 18:23:12.7233970,1069,396
2023-11-16 18:23:12.9289870,1316,193
2023-11-16 18:23:13.0121220,1025,514
2023-11-16 18:23:13.0494020,2006,77
2023-11-16 18:23:13.7988780,378,51
2023-11-16 18:23:13.9467460,1036,398
2023-11-16 18:23:13.9525920,1042,558
2023-11-16 18:23:14.2557100,1089,372
2023-11-16 18:23:14.5563710,1146,395
2023-11-16 18:23:14.6192640,1011,411
2023-11-16 18:23:15.2961210,981,382
2023-11-16 18:23:15.7568350,1138,414
2023-11-16 18:23:15.9958620,1163,418
2023-11-16 18:23:15.9965440,1087,417
2023-11-16 18:23:16.1984660,1138,517
2023-11-16 18:23:16.2637580,1160,468
2023-11-16 18:23:16.3309880,21,165
2023-11-16 18:23:16.3572160,4084,81
2023-11-16 18:23:16.4408380,1091,378
2023-11-16 18:23:16.5155420,1149,407
2023-11-16 18:23:16.5399250,4077,56
2023-11-16 18:23:16.7179020,1378,85
2023-11-16 18:23:16.8121950,1013,397
2023-11-16 18:23:16.9164530,1053,408
2023-11-16 18:23:17.0484690,1049,398
2023-11-16 18:23:17.1729920,1474,94
2023-11-16 18:23:17.1769670,243,14
2023-11-16 18:23:17.1776140,401,95
2023-11-16 18:23:17.2807640,430,106
2023-11-16 18:23:17.4995040,2445,84
2023-11-16 18:23:17.6334910,1044,415
2023-11-16 18:23:18.0037500,1179,398
2023-11-16 18:23:18.0875120,1175,401
2023-11-16 18:23:18.6488850,1034,395
2023-11-16 18:23:18.7062420,1951,46
2023-11-16 18:23:18.9230300,1134,394
2023-11-16 18:23:18.9762330,415,101
2023-11-16 18:23:19.0445380,1157,416
2023-11-16 18:23:19.3400420,983,151
2023-11-16 18:23:19.4222070,1059,448
2023-11-16 18:23:19.4994910,969,375
2023-11-16 18:23:19.9244660,243,14
2023-11-16 18:23:19.9359710,1011,373
2023-11-16 18:23:20.0444250,1040,385
2023-11-16 18:23:20.4286520,1047,419
2023-11-16 18:23:20.5875550,1135,396
2023-11-16 18:23:20.7946690,1162,401
2023-11-16 18:23:20.7948980,1150,395
2023-11-16 18:23:21.2194190,20,177
2023-11-16 18:23:21.3732030,379,70
2023-11-16 18:23:21.5164570,1106,396
2023-11-16 18:23:21.9566880,414,95
2023-11-16 18:23:22.0614340,1072,415
2023-11-16 18:23:22.7172560,238,14
2023-11-16 18:23:22.7818090,385,87
2023-11-16 18:23:23.1780250,322,18
2023-11-16 18:23:23.2252180,1026,396
2023-11-16 18:23:23.5931910,970,403
2023-11-16 18:23:23.7750200,1378,85
2023-11-16 18:23:23.9917580,13,172
2023-11-16 18:23:24.0358190,1004,388
2023-11-16 18:23:24.1258610,980,372
2023-11-16 18:23:24.9544280,1102,530
2023-11-16 18:23:25.0530090,1005,394
2023-11-16 18:23:25.2241360,403,94
2023-11-16 18:23:25.5160300,1169,451
2023-11-16 18:23:25.5624670,1140,397
2023-11-16 18:23:25.6302920,1083,395
2023-11-16 18:23:25.8130010,4079,32
2023-11-16 18:23:25.8459230,1034,398
2023-11-16 18:23:26.1429610,404,131
2023-11-16 18:23:26.2166450,1073,422
2023-11-16 18:23:26.2589240,243,14
2023-11-16 18:23:26.3975050,4125,55
2023-11-16 18:23:26.5614860,1146,389
2023-11-16 18:23:26.7287950,1017,394
2023-11-16 18:23:27.0946940,1164,395
2023-11-16 18:23:27.1660000,1312,156
2023-11-16 18:23:27.4097810,2342,81
2023-11-16 18:23:27.5779330,1096,396
2023-11-16 18:23:27.8448140,983,151
2023-11-16 18:23:28.1791630,1050,412
2023-11-16 18:23:28.3311280,399,87
2023-11-16 18:23:28.4014580,404,118
2023-11-16 18:23:28.7836300,1992,91
2023-11-16 18:23:28.8645960,1163,409
2023-11-16 18:23:28.9985960,1103,577
2023-11-16 18:23:29.4752890,1123,651
2023-11-16 18:23:29.4833410,1032,396
2023-11-16 18:23:29.5362900,315,18
2023-11-16 18:23:29.5545540,1316,151
2023-11-16 18:23:29.6482530,1014,398
2023-11-16 18:23:29.9483170,1071,426
2023-11-16 18:23:29.9650850,1069,523
2023-11-16 18:23:30.2209730,421,93
2023-11-16 18:23:30.5590490,1474,109
2023-11-16 18:23:30.9947180,1097,393
2023-11-16 18:23:31.2426540,1086,419
2023-11-16 18:23:31.9678780,238,14
2023-11-16 18:23:31.9715800,1088,382
2023-11-16 18:23:32.0875360,1088,417
2023-11-16 18:23:32.1619850,724,40
2023-11-16 18:23:32.6541370,1151,404
2023-11-16 18:23:32.7498300,1101,385
2023-11-16 18:23:32.9698530,1090,558
2023-11-16 18:23:33.4523470,960,413
2023-11-16 18:23:33.8563580,1094,411
2023-11-16 18:23:34.3502020,1111,396
2023-11-16 18:23:34.3955990,1316,140
2023-11-16 18:23:35.1704420,2611,55
2023-11-16 18:23:35.2192980,1094,377
2023-11-16 18:23:35.5396290,403,86
2023-11-16 18:23:36.0993770,1316,149
2023-11-16 18:23:36.1832480,4091,50
2023-11-16 18:23:37.5597770,1114,442
2023-11-16 18:23:37.9494840,1323,213
2023-11-16 18:23:37.9567630,4086,71
2023-11-16 18:23:38.0783500,397,181
2023-11-16 18:23:38.2153170,1069,419
2023-11-16 18:23:39.1043140,1316,207
2023-11-16 18:23:39.1508440,374,76
2023-11-16 18:23:39.8250050,994,396
2023-11-16 18:23:39.8614180,1961,96
2023-11-16 18:23:40.2516050,961,388
2023-11-16 18:23:40.2614640,397,94
2023-11-16 18:23:40.2782210,1053,380
2023-11-16 18:23:40.4453740,1314,111
2023-11-16 18:23:40.6811750,1131,432
2023-11-16 18:23:41.0993380,1198,394
2023-11-16 18:23:41.5953040,1074,377
2023-11-16 18:23:41.7046510,44,121
2023-11-16 18:23:41.7672710,738,10
2023-11-16 18:23:41.8132420,738,10
2023-11-16 18:23:42.5686670,738,20
2023-11-16 18:23:42.7790000,1026,418
2023-11-16 18:23:42.8922360,1040,399
2023-11-16 18:23:43.4420560,1133,414
2023-11-16 18:23:43.6407250,808,43
2023-11-16 18:23:43.6596140,373,78
2023-11-16 18:23:43.8145710,1138,80
2023-11-16 18:23:43.8775920,1133,379
2023-11-16 18:23:44.0891830,120,12
2023-11-16 18:23:44.2888170,1073,419
2023-11-16 18:23:44.8398030,1128,428
2023-11-16 18:23:45.0333310,1020,74
2023-11-16 18:23:45.2141440,1124,411
2023-11-16 18:23:45.2351990,1048,396
2023-11-16 18:23:45.2358140,1013,394
2023-11-16 18:23:45.6923460,4080,59
2023-11-16 18:23:45.9015090,2700,74
2023-11-16 18:23:46.1871340,376,69
2023-11-16 18:23:46.4518580,1148,393
2023-11-16 18:23:46.7828040,1018,391
2023-11-16 18:23:46.8889160,1337,79
2023-11-16 18:23:47.0460170,1099,57
2023-11-16 18:23:47.1305600,1051,396
2023-11-16 18:23:47.1362860,1138,398
2023-11-16 18:23:47.3899970,1148,375
2023-11-16 18:23:47.6506810,4088,363
2023-11-16 18:23:47.7644980,424,114
2023-11-16 18:23:47.8601890,388,80
2023-11-16 18:23:47.8960730,1091,397
2023-11-16 18:23:47.9544450,1484,88
2023-11-16 18:23:48.7350180,4090,65
2023-11-16 18:23:48.7548290,1312,181
2023-11-16 18:23:48.8312660,1031,403
2023-11-16 18:23:48.9698380,2744,60
2023-11-16 18:23:49.1430300,1089,402
2023-11-16 18:23:50.1323760,1135,390
2023-11-16 18:23:50.1784470,391,87
2023-11-16 18:23:50.2903480,974,406
2023-11-16 18:23:50.4290170,1013,396
2023-11-16 18:23:50.7578710,1316,150
2023-11-16 18:23:50.8672180,1084,429
2023-11-16 18:23:50.9384600,1162,390
2023-11-16 18:23:51.1408900,1061,117
2023-11-16 18:23:51.1656830,1046,427
2023-11-16 18:23:51.6696700,1183,501
2023-11-16 18:23:51.7427990,1182,372
2023-11-16 18:23:51.8192870,1167,398
2023-11-16 18:23:51.8456060,381,76
2023-11-16 18:23:51.9116190,4085,28
2023-11-16 18:23:51.9855520,1198,405
2023-11-16 18:23:52.0036690,1006,397
2023-11-16 18:23:52.2617720,1026,385
2023-11-16 18:23:52.2992850,1022,413
2023-11-16 18:23:52.4069740,900,102
2023-11-16 18:23:52.7871400,2584,139
2023-11-16 18:23:53.1186130,2221,200
2023-11-16 18:23:53.1521690,911,97
2023-11-16 18:23:53.3557430,1096,398
2023-11-16 18:23:53.4704010,389,87
2023-11-16 18:23:53.6464000,1102,420
2023-11-16 18:23:53.8098140,1010,391
2023-11-16 18:23:53.9130610,1148,398
2023-11-16 18:23:53.9752430,1024,396
2023-11-16 18:23:54.1087030,1023,394
2023-11-16 18:23:54.1242840,242,14
2023-11-16 18:23:54.1918100,1144,396
2023-11-16 18:23:54.5931020,995,449
2023-11-16 18:23:54.6534100,1082,411
2023-11-16 18:23:54.7368620,1020,74
2023-11-16 18:23:54.9265370,989,392
2023-11-16 18:23:55.3406670,1717,28
2023-11-16 18:23:55.6034350,1013,373
2023-11-16 18:23:55.7006530,1051,427
2023-11-16 18:23:55.9204320,382,64
2023-11-16 18:23:56.1185720,1313,204
2023-11-16 18:23:56.5367920,4081,45
2023-11-16 18:23:56.5825870,381,88
2023-11-16 18:23:56.6092070,1051,538
2023-11-16 18:23:56.7022870,243,14
2023-11-16 18:23:56.7497770,1337,79
2023-11-16 18:23:56.9346930,401,164
2023-11-16 18:23:57.1723720,120,12
2023-11-16 18:23:57.1906300,1130,398
2023-11-16 18:23:57.1910880,1134,393
2023-11-16 18:23:57.2123690,1053,385
2023-11-16 18:23:57.3313930,1015,393
2023-11-16 18:23:57.4072080,25,165
2023-11-16 18:23:57.5118150,1168,453
2023-11-16 18:23:57.7355250,1023,396
2023-11-16 18:23:58.0482850,964,476
2023-11-16 18:23:58.0880590,1360,90
2023-11-16 18:23:58.1246090,1048,397
2023-11-16 18:23:58.2790070,996,441
2023-11-16 18:23:58.3189580,890,89
2023-11-16 18:23:58.3215760,1135,415
2023-11-16 18:23:58.3615530,4077,41
2023-11-16 18:23:58.3898450,408,100
2023-11-16 18:23:58.4327770,1266,397
2023-11-16 18:23:58.7446260,403,89
2023-11-16 18:23:58.8981300,1127,398
2023-11-16 18:23:58.9716640,390,79
2023-11-16 18:23:59.7427070,1084,390
2023-11-16 18:24:00.1101020,963,399
2023-11-16 18:24:00.3781650,404,128
2023-11-16 18:24:00.4692930,1201,396
2023-11-16 18:24:00.5768520,1115,418
2023-11-16 18:24:00.9129170,1025,397
2023-11-16 18:24:01.7758170,418,113
2023-11-16 18:24:01.7987960,984,409
2023-11-16 18:24:01.9583700,1150,394
2023-11-16 18:24:02.1815650,1011,384
2023-11-16 18:24:02.5964410,1149,383
2023-11-16 18:24:02.6413740,408,103
2023-11-16 18:24:02.7497220,386,67
2023-11-16 18:24:03.2837770,1196,410
2023-11-16 18:24:03.4744390,1008,414
2023-11-16 18:24:03.6168450,985,421
2023-11-16 18:24:03.6958030,988,432
2023-11-16 18:24:03.7749220,1027,414
2023-11-16 18:24:03.7752260,1042,394
2023-11-16 18:24:03.8428610,1071,384
2023-11-16 18:24:03.8654310,1093,401
2023-11-16 18:24:04.0412730,1171,523
2023-11-16 18:24:04.2406280,1048,433
2023-11-16 18:24:04.2603230,1821,84
2023-11-16 18:24:04.4775190,388,98
2023-11-16 18:24:04.4895200,1047,99
2023-11-16 18:24:05.0217190,21,138
2023-11-16 18:24:05.5169810,971,444
2023-11-16 18:24:05.6265140,1185,434
2023-11-16 18:24:05.7131950,4089,26
2023-11-16 18:24:06.1595510,3476,125
2023-11-16 18:24:06.2792920,1231,396
2023-11-16 18:24:06.4595060,413,113
2023-11-16 18:24:06.8319130,1255,414
2023-11-16 18:24:07.1620340,922,104
2023-11-16 18:24:07.2588530,1080,375
2023-11-16 18:24:07.3803910,4124,73
2023-11-16 18:24:07.3979360,383,48
2023-11-16 18:24:07.8190190,120,12
2023-11-16 18:24:07.8463800,376,84
2023-11-16 18:24:07.8965480,2592,72
2023-11-16 18:24:07.8998390,1315,199
2023-11-16 18:24:07.9278520,36,130
2023-11-16 18:24:08.2763240,422,67
2023-11-16 18:24:08.3454680,374,44
2023-11-16 18:24:08.5317080,1360,94
2023-11-16 18:24:08.7047940,1076,396
2023-11-16 18:24:08.7240120,1313,137
2023-11-16 18:24:08.9675800,890,89
2023-11-16 18:24:09.0097030,1161,395
2023-11-16 18:24:09.4313720,382,86
2023-11-16 18:24:09.6486740,397,86
2023-11-16 18:24:09.7257060,420,88
2023-11-16 18:24:09.8440710,1062,397
2023-11-16 18:24:10.0213850,1122,377
2023-11-16 18:24:10.0458040,4076,72
2023-11-16 18:24:10.3191180,1099,420
2023-11-16 18:24:11.1646640,1048,379
2023-11-16 18:24:11.6155130,1055,413
2023-11-16 18:24:12.2304810,3476,118
2023-11-16 18:24:12.4229710,1006,44
2023-11-16 18:24:12.5415030,1670,117
2023-11-16 18:24:12.6025820,411,81
2023-11-16 18:24:13.0533090,1757,45
2023-11-16 18:24:13.0639800,999,419
2023-11-16 18:24:13.1728520,247,14
2023-11-16 18:24:13.2856970,1020,388
2023-11-16 18:24:13.3790170,442,99
2023-11-16 18:24:13.5094040,324,18
2023-11-16 18:24:13.6279160,1009,410
2023-11-16 18:24:13.6530680,391,104
2023-11-16 18:24:14.5472400,1313,157
2023-11-16 18:24:14.7737000,2236,128
2023-11-16 18:24:15.1112400,1317,198
2023-11-16 18:24:15.1157580,386,99
2023-11-16 18:24:15.1752170,1043,401
2023-11-16 18:24:15.3733710,1165,45
2023-11-16 18:24:15.4821850,1028,414
2023-11-16 18:24:15.8415070,1821,143
2023-11-16 18:24:16.3366620,4078,54
2023-11-16 18:24:16.4959950,237,14
2023-11-16 18:24:16.6750850,1151,434
2023-11-16 18:24:17.4364710,1484,159
2023-11-16 18:24:17.6367250,427,93
2023-11-16 18:24:17.7561510,1207,400
2023-11-16 18:24:17.8169780,4071,56
2023-11-16 18:24:17.8344330,1001,407
2023-11-16 18:24:17.9914960,50,168
2023-11-16 18:24:18.0794970,1381,40
2023-11-16 18:24:18.4482360,396,93
2023-11-16 18:24:18.6266410,4096,51
2023-11-16 18:24:18.9279900,1040,396
2023-11-16 18:24:18.9660250,394,88
2023-11-16 18:24:19.0969810,378,48
2023-11-16 18:24:19.1857620,4162,78
2023-11-16 18:24:19.6813510,1307,501
2023-11-16 18:24:19.9452110,974,402
2023-11-16 18:24:19.9583490,1129,467
2023-11-16 18:24:20.1291050,1040,388
2023-11-16 18:24:20.2997810,1159,405
2023-11-16 18:24:20.3882770,946,398
2023-11-16 18:24:20.6413510,967,419
2023-11-16 18:24:21.2827890,1109,383
2023-11-16 18:24:21.4532760,1171,526
2023-11-16 18:24:21.4610260,1670,65
2023-11-16 18:24:22.0841450,4164,63
2023-11-16 18:24:22.2153550,1039,399
2023-11-16 18:24:22.4600290,2169,150
2023-11-16 18:24:22.5018380,1184,405
2023-11-16 18:24:22.5364840,2910,88
2023-11-16 18:24:22.5828540,421,99
2023-11-16 18:24:22.5984680,1046,398
2023-11-16 18:24:22.7082050,1034,428
2023-11-16 18:24:22.8129280,373,93
2023-11-16 18:24:23.0106430,890,115
2023-11-16 18:24:23.2489480,377,51
2023-11-16 18:24:23.4246060,426,126
2023-11-16 18:24:23.4350090,1508,76
2023-11-16 18:24:23.7524090,1059,410
2023-11-16 18:24:24.4732750,1196,410
2023-11-16 18:24:24.8610380,1072,419
2023-11-16 18:24:25.0096040,1020,394
2023-11-16 18:24:25.0843930,26,150
2023-11-16 18:24:25.1153160,1045,378
2023-11-16 18:24:25.2634960,4098,102
2023-11-16 18:24:25.2649170,2236,101
2023-11-16 18:24:25.3584080,1116,446
2023-11-16 18:24:25.5701760,1084,418
2023-11-16 18:24:25.5738540,1338,195
2023-11-16 18:24:25.6583790,1137,509
2023-11-16 18:24:26.0221460,1130,468
2023-11-16 18:24:26.1930210,387,82
2023-11-16 18:24:26.4626190,1087,402
2023-11-16 18:24:27.1269560,4077,61
2023-11-16 18:24:27.1508520,1075,395
2023-11-16 18:24:27.2419760,1131,396
2023-11-16 18:24:27.6362040,4152,165
2023-11-16 18:24:27.8515660,4089,56
2023-11-16 18:24:28.0453640,1353,144
2023-11-16 18:24:28.1788980,1484,159
2023-11-16 18:24:29.0032460,1183,384
2023-11-16 18:24:29.1124690,1318,148
2023-11-16 18:24:29.8392220,4076,39
2023-11-16 18:24:30.1959220,1907,90
2023-11-16 18:24:30.5998880,401,82
2023-11-16 18:24:30.7111230,2765,99
2023-11-16 18:24:31.0356980,1961,95
2023-11-16 18:24:31.0528660,403,135
2023-11-16 18:24:31.0540720,389,100
2023-11-16 18:24:31.0642480,399,101
2023-11-16 18:24:31.1067090,953,375
2023-11-16 18:24:31.2338820,1066,431
2023-11-16 18:24:31.2828920,298,18
2023-11-16 18:24:31.3036690,1146,413
2023-11-16 18:24:31.6151820,1178,607
2023-11-16 18:24:31.8604850,1066,388
2023-11-16 18:24:31.8604910,1248,378
2023-11-16 18:24:31.8860150,387,68
2023-11-16 18:24:32.0224340,1027,392
2023-11-16 18:24:32.1160510,858,107
2023-11-16 18:24:32.2801570,1052,413
2023-11-16 18:24:32.3126030,2202,41
2023-11-16 18:24:32.4430390,1034,417
2023-11-16 18:24:32.5024850,1038,394
2023-11-16 18:24:32.7489410,120,12
2023-11-16 18:24:32.7867150,435,117
2023-11-16 18:24:33.0613170,4085,56
2023-11-16 18:24:33.8834030,1190,403
2023-11-16 18:24:33.9483010,3030,46
2023-11-16 18:24:33.9743620,955,68
2023-11-16 18:24:34.0201820,1248,423
2023-11-16 18:24:34.4129480,406,96
2023-11-16 18:24:34.4406930,1093,411
2023-11-16 18:24:34.6243920,434,82
2023-11-16 18:24:35.2631480,368,72
2023-11-16 18:24:35.5014360,988,375
2023-11-16 18:24:35.6131620,418,95
2023-11-16 18:24:35.6547540,1531,70
2023-11-16 18:24:35.7045350,1135,410
2023-11-16 18:24:36.2671760,1142,79
2023-11-16 18:24:36.4165790,1189,378
2023-11-16 18:24:37.0887650,394,97
2023-11-16 18:24:37.1569570,1147,498
2023-11-16 18:24:37.2040880,4087,44
2023-11-16 18:24:37.2677980,985,427
2023-11-16 18:24:37.3715770,1047,99
2023-11-16 18:24:37.4022440,1128,410
2023-11-16 18:24:37.4026980,647,74
2023-11-16 18:24:37.5552500,972,388
2023-11-16 18:24:37.6652540,242,14
2023-11-16 18:24:37.7881580,1048,412
2023-11-16 18:24:37.8991370,1062,394
2023-11-16 18:24:37.9645360,396,97
2023-11-16 18:24:37.9664320,431,99
2023-11-16 18:24:38.0951430,4107,57
2023-11-16 18:24:38.3603780,405,92
2023-11-16 18:24:38.4838830,959,384
2023-11-16 18:24:38.9348220,387,68
2023-11-16 18:24:39.0191180,1254,419
2023-11-16 18:24:39.2453700,396,75
2023-11-16 18:24:39.8812530,1100,424
2023-11-16 18:24:40.3069160,1028,408
2023-11-16 18:24:40.6244190,955,394
2023-11-16 18:24:40.7478710,19,178
2023-11-16 18:24:40.9124860,373,60
2023-11-16 18:24:41.0326490,1023,396
2023-11-16 18:24:41.0342550,1105,407
2023-11-16 18:24:41.0639850,1028,379
2023-11-16 18:24:41.1962680,4070,37
2023-11-16 18:24:41.5154420,1907,84
2023-11-16 18:24:41.5457340,1028,396
2023-11-16 18:24:41.5570640,1364,480
2023-11-16 18:24:41.6175960,1034,417
2023-11-16 18:24:41.8577320,2744,60
2023-11-16 18:24:41.8777790,1084,414
2023-11-16 18:24:42.0020620,378,45
2023-11-16 18:24:42.2182320,1028,55
2023-11-16 18:24:42.3359960,1103,396
2023-11-16 18:24:42.5463520,1314,156
2023-11-16 18:24:42.5755890,404,91
2023-11-16 18:24:42.7168180,1002,388
2023-11-16 18:24:42.9119670,1128,502
2023-11-16 18:24:43.2153960,4084,61
2023-11-16 18:24:43.4808510,1018,395
2023-11-16 18:24:43.5065050,3030,46
2023-11-16 18:24:43.6076320,840,45
2023-11-16 18:24:44.1964660,449,119
2023-11-16 18:24:44.4059280,376,145
2023-11-16 18:24:44.4594480,2169,134
2023-11-16 18:24:44.5139650,1030,393
2023-11-16 18:24:44.5265410,374,79
2023-11-16 18:24:44.5997140,1992,66
2023-11-16 18:24:45.0470160,957,388
2023-11-16 18:24:45.0704520,1043,377
2023-11-16 18:24:45.2557160,4191,51
2023-11-16 18:24:45.2784840,864,129
2023-11-16 18:24:45.3690320,2059,94
2023-11-16 18:24:46.0687640,1150,395
2023-11-16 18:24:46.4396230,386,69
2023-11-16 18:24:46.5051050,325,18
2023-11-16 18:24:46.7667410,1114,429
2023-11-16 18:24:46.8988240,4093,52
2023-11-16 18:24:46.9579350,1093,398
2023-11-16 18:24:47.0077320,1052,373
2023-11-16 18:24:47.2381220,1122,377
2023-11-16 18:24:47.4532770,1002,373
2023-11-16 18:24:48.0981640,4086,32
2023-11-16 18:24:48.2285640,4079,79
2023-11-16 18:24:48.5144100,1071,405
2023-11-16 18:24:48.5395680,1369,44
2023-11-16 18:24:48.6348640,1160,468
2023-11-16 18:24:48.7010160,1868,82
2023-11-16 18:24:49.0879980,1571,89
2023-11-16 18:24:49.6007270,719,113
2023-11-16 18:24:49.7515220,413,102
2023-11-16 18:24:50.1193770,1066,431
2023-11-16 18:24:50.3379370,1058,419
2023-11-16 18:24:50.3595710,1000,375
2023-11-16 18:24:50.3744540,4101,52
2023-11-16 18:24:50.4224590,404,68
2023-11-16 18:24:50.7166650,1484,159
2023-11-16 18:24:51.1562760,400,98
2023-11-16 18:24:51.2318850,429,84
2023-11-16 18:24:51.8353950,1054,414
2023-11-16 18:24:51.8375400,691,51
2023-11-16 18:24:51.8637780,396,90
2023-11-16 18:24:52.0195090,4079,163
2023-11-16 18:24:52.1634670,387,97
2023-11-16 18:24:53.2685010,1185,384
2023-11-16 18:24:53.3791210,2765,136
2023-11-16 18:24:53.5621870,1130,609
2023-11-16 18:24:53.8176710,3607,73
2023-11-16 18:24:54.3417930,2332,81
2023-11-16 18:24:54.5068540,1313,145
2023-11-16 18:24:54.6913490,398,123
2023-11-16 18:24:54.7145130,1121,423
2023-11-16 18:24:54.7577500,428,101
2023-11-16 18:24:54.7911700,1077,391
2023-11-16 18:24:54.9941610,1341,50
2023-11-16 18:24:55.0188110,4076,46
2023-11-16 18:24:55.7176280,4075,51
2023-11-16 18:24:56.4543680,384,69
2023-11-16 18:24:56.4784600,1085,363
2023-11-16 18:24:56.4798980,2058,91
2023-11-16 18:24:56.8723320,404,93
2023-11-16 18:24:56.9055510,1386,125
2023-11-16 18:24:56.9370110,382,57
2023-11-16 18:24:57.0687590,396,104
2023-11-16 18:24:57.0900010,410,152
2023-11-16 18:24:57.0993970,4085,58
2023-11-16 18:24:57.1650540,993,40
2023-11-16 18:24:57.2364640,2059,94
2023-11-16 18:24:57.5542040,391,57
2023-11-16 18:24:57.7542590,1190,375
2023-11-16 18:24:58.1904530,1912,72
2023-11-16 18:24:58.1986540,1101,430
2023-11-16 18:24:58.2517100,2935,63
2023-11-16 18:24:58.3132680,719,113
2023-11-16 18:24:58.5063800,1314,144
2023-11-16 18:24:58.5988080,1024,395
2023-11-16 18:24:58.9097430,2221,194
2023-11-16 18:24:59.0505380,1126,397
2023-11-16 18:24:59.1447920,976,599
2023-11-16 18:24:59.3932290,4138,73
2023-11-16 18:24:59.5765650,1110,427
2023-11-16 18:24:59.7391100,1091,401
2023-11-16 18:24:59.8525390,4069,46
2023-11-16 18:24:59.8652060,1093,396
2023-11-16 18:24:59.9106090,983,400
2023-11-16 18:25:00.0119440,1314,152
2023-11-16 18:25:00.3144300,1015,458
2023-11-16 18:25:00.3800320,1152,395
2023-11-16 18:25:00.3895100,12,113
2023-11-16 18:25:00.4663440,1125,468
2023-11-16 18:25:00.6172060,1024,410
2023-11-16 18:25:00.6669770,1571,89
2023-11-16 18:25:00.6989660,376,91
2023-11-16 18:25:01.0760850,1049,411
2023-11-16 18:25:01.3818400,1139,50
2023-11-16 18:25:02.5898060,2464,78
2023-11-16 18:25:02.7476110,977,411
2023-11-16 18:25:03.2422580,1076,375
2023-11-16 18:25:03.5170570,1131,413
2023-11-16 18:25:03.8911220,1008,446
2023-11-16 18:25:03.8977780,1353,182
2023-11-16 18:25:04.3633700,730,42
2023-11-16 18:25:04.3930000,1240,398
2023-11-16 18:25:04.6859510,398,105
2023-11-16 18:25:05.2747970,1386,125
2023-11-16 18:25:05.2777320,1182,411
2023-11-16 18:25:05.5354190,400,92
2023-11-16 18:25:05.5449410,1316,256
2023-11-16 18:25:05.5736190,398,97
2023-11-16 18:25:05.7648740,650,54
2023-11-16 18:25:05.7670980,1160,414
2023-11-16 18:25:06.2377810,1187,84
2023-11-16 18:25:06.5081560,1094,406
2023-11-16 18:25:06.7195000,1098,449
2023-11-16 18:25:07.0482880,398,80
2023-11-16 18:25:07.0729900,954,54
2023-11-16 18:25:07.6096160,419,99
2023-11-16 18:25:07.7968540,4089,85
2023-11-16 18:25:07.9189340,400,97
2023-11-16 18:25:08.1328260,1146,375
2023-11-16 18:25:08.2250970,1210,385
2023-11-16 18:25:08.2300130,396,90
2023-11-16 18:25:08.2383650,435,64
2023-11-16 18:25:08.6169520,375,96
2023-11-16 18:25:08.7790560,381,81
2023-11-16 18:25:09.7663670,384,99
2023-11-16 18:25:10.8838010,1912,72
2023-11-16 18:25:10.9542710,1095,423
2023-11-16 18:25:11.0038970,1201,426
2023-11-16 18:25:11.0468850,1092,502
2023-11-16 18:25:11.2081710,1109,91
2023-11-16 18:25:11.5046830,366,80
2023-11-16 18:25:11.5516090,1730,104
2023-11-16 18:25:12.1427210,1357,200
2023-11-16 18:25:12.3848230,372,79
2023-11-16 18:25:12.4972350,1025,414
2023-11-16 18:25:12.6254210,1171,396
2023-11-16 18:25:12.9209350,4095,87
2023-11-16 18:25:13.1876570,371,62
2023-11-16 18:25:13.2996620,881,141
2023-11-16 18:25:13.3483770,413,106
2023-11-16 18:25:13.5299300,120,12
2023-11-16 18:25:14.2536900,2106,114
2023-11-16 18:25:14.5548670,2935,63
2023-11-16 18:25:14.6915700,1087,394
2023-11-16 18:25:14.9124210,1136,396
2023-11-16 18:25:14.9940650,376,56
2023-11-16 18:25:15.1332710,1244,396
2023-11-16 18:25:15.1527190,1184,424
2023-11-16 18:25:15.4563190,1047,87
2023-11-16 18:25:15.5708480,1999,97
2023-11-16 18:25:15.5981450,4101,25
2023-11-16 18:25:15.6482430,1085,375
2023-11-16 18:25:15.6719140,1002,398
2023-11-16 18:25:15.7784070,1063,385
2023-11-16 18:25:15.8589380,1315,163
2023-11-16 18:25:15.8869610,1150,411
2023-11-16 18:25:16.0638800,1098,88
2023-11-16 18:25:16.1046830,4074,200
2023-11-16 18:25:16.2241970,1158,427
2023-11-16 18:25:16.2862870,1069,388
2023-11-16 18:25:16.3875060,429,100
2023-11-16 18:25:16.8002060,4085,41
2023-11-16 18:25:16.9614510,1076,404
2023-11-16 18:25:17.0610410,385,87
2023-11-16 18:25:17.0646240,4076,50
2023-11-16 18:25:17.1392050,398,146
2023-11-16 18:25:17.1906180,1035,373
2023-11-16 18:25:17.5603380,2697,100
2023-11-16 18:25:17.5988730,1089,395
2023-11-16 18:25:17.6262590,1316,203
2023-11-16 18:25:17.7441250,870,81
2023-11-16 18:25:17.7667850,1170,502
2023-11-16 18:25:17.9172420,1190,375
2023-11-16 18:25:18.1655560,1027,390
2023-11-16 18:25:18.7825080,1145,478
2023-11-16 18:25:19.0739840,982,442
2023-11-16 18:25:19.0833660,1103,411
2023-11-16 18:25:19.2196500,306,18
2023-11-16 18:25:19.6445440,1254,419
2023-11-16 18:25:19.7997750,957,74
2023-11-16 18:25:19.9798580,1067,395
2023-11-16 18:25:20.1265090,1176,500
2023-11-16 18:25:20.1949940,1160,398
2023-11-16 18:25:20.2834130,1086,405
2023-11-16 18:25:20.4115590,1113,417
2023-11-16 18:25:20.4440250,4090,41
2023-11-16 18:25:20.8182010,1010,82
2023-11-16 18:25:20.8378520,7,143
2023-11-16 18:25:20.8947290,4105,38
2023-11-16 18:25:21.3869340,2123,94
2023-11-16 18:25:21.4902830,4074,42
2023-11-16 18:25:21.5056950,2468,87
2023-11-16 18:25:21.5196890,406,80
2023-11-16 18:25:21.6537140,4088,37
2023-11-16 18:25:21.7036640,1109,84
2023-11-16 18:25:21.8395370,430,102
2023-11-16 18:25:22.0539080,393,59
2023-11-16 18:25:22.3083770,309,18
2023-11-16 18:25:22.8690890,396,84
2023-11-16 18:25:23.0742380,952,427
2023-11-16 18:25:23.2712810,2106,108
2023-11-16 18:25:23.3112800,1042,403
2023-11-16 18:25:23.3862790,1074,378
2023-11-16 18:25:23.6060860,4088,61
2023-11-16 18:25:23.6322040,1044,386
2023-11-16 18:25:24.1673180,368,45
2023-11-16 18:25:24.2348550,1236,376
2023-11-16 18:25:24.5222870,772,136
2023-11-16 18:25:25.3575410,1185,401
2023-11-16 18:25:25.4199070,1034,417
2023-11-16 18:25:25.6373050,383,94
2023-11-16 18:25:25.6859330,1022,494
2023-11-16 18:25:25.7214980,972,396
2023-11-16 18:25:25.7705930,4075,62
2023-11-16 18:25:26.2194150,402,135
2023-11-16 18:25:26.7255930,1183,501
2023-11-16 18:25:26.8111300,1025,916
2023-11-16 18:25:27.0947190,373,88
2023-11-16 18:25:27.3143160,387,67
2023-11-16 18:25:27.4157860,1315,188
2023-11-16 18:25:27.6291470,1315,154
2023-11-16 18:25:27.7047410,58,111
2023-11-16 18:25:28.0747500,4123,76
2023-11-16 18:25:28.1292200,957,74
2023-11-16 18:25:28.2818790,647,46
2023-11-16 18:25:28.3153840,1022,426
2023-11-16 18:25:28.4925830,382,54
2023-11-16 18:25:28.4994670,392,104
2023-11-16 18:25:28.5272270,1155,403
2023-11-16 18:25:28.6702900,1057,398
2023-11-16 18:25:28.9219370,1129,416
2023-11-16 18:25:29.4555350,1358,51
2023-11-16 18:25:29.9651150,1004,413
2023-11-16 18:25:30.6202430,391,97
2023-11-16 18:25:30.9916170,1004,399
2023-11-16 18:25:31.0496640,989,426
2023-11-16 18:25:31.1651930,459,90
2023-11-16 18:25:31.3464270,373,80
2023-11-16 18:25:31.4749820,1147,448
2023-11-16 18:25:31.5291300,1280,91
2023-11-16 18:25:31.5326300,1037,410
2023-11-16 18:25:31.6829610,869,47
2023-11-16 18:25:32.2447060,371,69
2023-11-16 18:25:32.4308860,1094,411
2023-11-16 18:25:32.5282740,1108,442
2023-11-16 18:25:32.5354040,394,79
2023-11-16 18:25:32.8029730,849,100
2023-11-16 18:25:33.1314780,403,86
2023-11-16 18:25:33.2550250,1314,152
2023-11-16 18:25:33.7500200,1063,374
2023-11-16 18:25:34.0676320,851,85
2023-11-16 18:25:34.0723190,902,75
2023-11-16 18:25:34.6266910,385,78
2023-11-16 18:25:34.6580980,4185,31
2023-11-16 18:25:34.8984670,2388,52
2023-11-16 18:25:35.6018310,1039,410
2023-11-16 18:25:35.7337140,1094,411
2023-11-16 18:25:35.7851570,981,409
2023-11-16 18:25:35.8042410,4100,180
2023-11-16 18:25:35.9472610,1999,97
2023-11-16 18:25:36.2871250,386,79
2023-11-16 18:25:36.3316580,1315,144
2023-11-16 18:25:36.8210580,2738,113
2023-11-16 18:25:37.1930540,371,100
2023-11-16 18:25:37.3539200,405,93
2023-11-16 18:25:37.3815990,4623,59
2023-11-16 18:25:37.5111320,783,45
2023-11-16 18:25:37.7444820,1054,397
2023-11-16 18:25:37.9347470,1200,518
2023-11-16 18:25:38.1682830,430,86
2023-11-16 18:25:38.5073330,4100,52
2023-11-16 18:25:38.6908270,1039,404
2023-11-16 18:25:39.4873100,1093,411
2023-11-16 18:25:39.5386560,1014,659
2023-11-16 18:25:39.7885770,1069,383
2023-11-16 18:25:39.8312910,4094,105
2023-11-16 18:25:39.9762440,1056,430
2023-11-16 18:25:40.6604590,402,92
2023-11-16 18:25:41.1299200,1730,107
2023-11-16 18:25:41.1467540,31,234
2023-11-16 18:25:41.2843650,386,90
2023-11-16 18:25:41.4823900,421,92
2023-11-16 18:25:41.6010020,1351,139
2023-11-16 18:25:42.0777720,1072,401
2023-11-16 18:25:42.1209470,1144,550
2023-11-16 18:25:42.2047460,1045,411
2023-11-16 18:25:42.2900330,1054,443
2023-11-16 18:25:42.4464480,4114,47
2023-11-16 18:25:42.4813550,983,377
2023-11-16 18:25:42.8009290,1162,594
2023-11-16 18:25:43.3142390,2042,45
2023-11-16 18:25:43.5115790,1026,408
2023-11-16 18:25:43.5989750,1041,463
2023-11-16 18:25:43.9658790,1069,414
2023-11-16 18:25:43.9985260,1190,375
2023-11-16 18:25:44.0013630,2425,51
2023-11-16 18:25:44.0610540,1280,92
2023-11-16 18:25:44.1445270,1107,453
2023-11-16 18:25:44.3468290,1162,449
2023-11-16 18:25:44.5377830,390,104
2023-11-16 18:25:44.7415420,2374,110
2023-11-16 18:25:44.8442970,1003,381
2023-11-16 18:25:45.0952320,1074,434
2023-11-16 18:25:45.1681780,1737,89
2023-11-16 18:25:45.2313220,1143,426
2023-11-16 18:25:45.6458530,1079,396
2023-11-16 18:25:45.8078550,849,100
2023-11-16 18:25:45.8455350,4078,42
2023-11-16 18:25:45.9496210,2388,52
2023-11-16 18:25:46.2812720,1045,397
2023-11-16 18:25:46.2952790,385,89
2023-11-16 18:25:46.4331050,407,122
2023-11-16 18:25:46.6519260,1143,396
2023-11-16 18:25:46.8782260,958,89
2023-11-16 18:25:47.1959120,1031,74
2023-11-16 18:25:47.2857120,1127,639
2023-11-16 18:25:47.3642070,1101,478
2023-11-16 18:25:47.7721940,409,78
2023-11-16 18:25:47.9922960,4095,36
2023-11-16 18:25:48.1467710,1054,454
2023-11-16 18:25:48.3547770,400,82
2023-11-16 18:25:48.7091530,421,80
2023-11-16 18:25:48.7777090,1077,468
2023-11-16 18:25:48.8803030,1023,397
2023-11-16 18:25:49.1257880,1044,386
2023-11-16 18:25:49.6847360,403,135
2023-11-16 18:25:50.4262530,397,66
2023-11-16 18:25:50.7603980,1117,442
2023-11-16 18:25:50.9077660,61,136
2023-11-16 18:25:51.2714500,27,192
2023-11-16 18:25:51.2767410,1035,388
2023-11-16 18:25:51.4335770,1129,396
2023-11-16 18:25:51.6918580,1056,451
2023-11-16 18:25:51.7850660,1315,166
2023-11-16 18:25:51.9671480,406,104
2023-11-16 18:25:52.1105860,12,149
2023-11-16 18:25:52.1113080,444,99
2023-11-16 18:25:52.3785200,393,102
2023-11-16 18:25:52.7190310,4074,68
2023-11-16 18:25:53.2240930,375,64
2023-11-16 18:25:53.2329230,1313,143
2023-11-16 18:25:53.4373010,402,98
2023-11-16 18:25:53.4783520,1180,597
2023-11-16 18:25:53.6481830,1147,394
2023-11-16 18:25:53.6925260,1117,387
2023-11-16 18:25:53.9407460,404,145
2023-11-16 18:25:54.2386420,1091,375
2023-11-16 18:25:54.4038420,1061,418
2023-11-16 18:25:54.9587950,1038,387
2023-11-16 18:25:55.0261440,4093,61
2023-11-16 18:25:55.1110440,1052,409
2023-11-16 18:25:55.3549950,391,155
2023-11-16 18:25:55.4963920,1313,169
2023-11-16 18:25:55.8574480,1038,394
2023-11-16 18:25:55.9017670,1737,92
2023-11-16 18:25:55.9515340,1001,403
2023-11-16 18:25:56.0381940,1100,426
2023-11-16 18:25:56.3193070,400,95
2023-11-16 18:25:56.3967320,395,78
2023-11-16 18:25:56.5106010,1066,432
2023-11-16 18:25:56.5987490,1639,91
2023-11-16 18:25:57.3463550,1013,375
2023-11-16 18:25:57.6048870,1104,399
2023-11-16 18:25:57.6381000,4089,41
2023-11-16 18:25:57.6803320,1027,429
2023-11-16 18:25:57.7077570,1116,426
2023-11-16 18:25:57.9318770,944,393
2023-11-16 18:25:58.5715450,3340,60
2023-11-16 18:25:58.6082690,453,85
2023-11-16 18:25:58.6306920,371,79
2023-11-16 18:25:58.6700720,1039,717
2023-11-16 18:25:58.6707420,1072,446
2023-11-16 18:25:59.1939710,404,104
2023-11-16 18:25:59.2368800,1101,432
2023-11-16 18:25:59.3185020,2091,88
2023-11-16 18:25:59.3287280,921,45
2023-11-16 18:25:59.3354860,4090,57
2023-11-16 18:25:59.6368950,1017,520
